DELETE [dbo].[InsuranceTermType]

DELETE [dbo].[InsuranceField]

ALTER TABLE [dbo].[InsuranceTermType] ALTER COLUMN [RelatedResource] NVARCHAR(MAX) NULL


SET IDENTITY_INSERT [dbo].[InsuranceField] ON 

INSERT [dbo].[InsuranceField] ([Id], [InsuranceId], [Key], [Type], [Description]) VALUES (1, 6, N'VehicleTypeId', N'long', N'نوع خودرو')
INSERT [dbo].[InsuranceField] ([Id], [InsuranceId], [Key], [Type], [Description]) VALUES (2, 6, N'VehicleBrandId', N'long', N'برند خودرو')
INSERT [dbo].[InsuranceField] ([Id], [InsuranceId], [Key], [Type], [Description]) VALUES (3, 6, N'VehicleRuleCategoryId', N'long', N'دسته بندی قانونی خودرو')
INSERT [dbo].[InsuranceField] ([Id], [InsuranceId], [Key], [Type], [Description]) VALUES (4, 6, N'VehicleConstructionYear', N'int', N'سال ساخت خودرو')
INSERT [dbo].[InsuranceField] ([Id], [InsuranceId], [Key], [Type], [Description]) VALUES (5, 6, N'VehicleId', N'long', N'خودرو')
INSERT [dbo].[InsuranceField] ([Id], [InsuranceId], [Key], [Type], [Description]) VALUES (6, 6, N'VehicleApplicationId', N'long', N'کاربری خودرو')
INSERT [dbo].[InsuranceField] ([Id], [InsuranceId], [Key], [Type], [Description]) VALUES (7, 6, N'IsWithoutInsurance', N'bool', N'بدون بیمه است؟')
INSERT [dbo].[InsuranceField] ([Id], [InsuranceId], [Key], [Type], [Description]) VALUES (8, 6, N'OldInsurerId', N'long', N'بیمه گر قبلی')
INSERT [dbo].[InsuranceField] ([Id], [InsuranceId], [Key], [Type], [Description]) VALUES (9, 6, N'OldInsurerStartDate', N'string', N'تاریخ شروع بیمه قبلی')
INSERT [dbo].[InsuranceField] ([Id], [InsuranceId], [Key], [Type], [Description]) VALUES (10, 6, N'OldInsurerExpireDate', N'string', N'تاریخ پایان بیمه قبلی')
INSERT [dbo].[InsuranceField] ([Id], [InsuranceId], [Key], [Type], [Description]) VALUES (11, 6, N'IsChangedOwner', N'bool', N'تغییر مالکیت')
INSERT [dbo].[InsuranceField] ([Id], [InsuranceId], [Key], [Type], [Description]) VALUES (12, 6, N'ThirdDiscountId', N'int', N'تخفیف شخص ثالث')
INSERT [dbo].[InsuranceField] ([Id], [InsuranceId], [Key], [Type], [Description]) VALUES (13, 6, N'DriverDiscountId', N'int',  N'تخفیف شخص حوادث راننده')
INSERT [dbo].[InsuranceField] ([Id], [InsuranceId], [Key], [Type], [Description]) VALUES (14, 6, N'ThirdLifeDamageId', N'int',  N'خسارت  جانی ثالث')
INSERT [dbo].[InsuranceField] ([Id], [InsuranceId], [Key], [Type], [Description]) VALUES (15, 6, N'ThirdFinancialDamageId', N'int',  N'خسارت مالی ثالث')
INSERT [dbo].[InsuranceField] ([Id], [InsuranceId], [Key], [Type], [Description]) VALUES (16, 6, N'DriverLifeDamageId', N'int',  N'خسارت جانی راننده')
INSERT [dbo].[InsuranceField] ([Id], [InsuranceId], [Key], [Type], [Description]) VALUES (17, 6, N'IsZeroKilometer', N'bool', N'آیا صفر کیلومتر است؟')
INSERT [dbo].[InsuranceField] ([Id], [InsuranceId], [Key], [Type], [Description]) VALUES (18, 6, N'IsPrevDamaged', N'bool', N'آیا قبلا خسارت داشته؟')
INSERT [dbo].[InsuranceField] ([Id], [InsuranceId], [Key], [Type], [Description]) VALUES (19, 6, N'VehicleClearanceDate', N'string', N'تاریخ ترخیص خودرو')
INSERT [dbo].[InsuranceField] ([Id], [InsuranceId], [Key], [Type], [Description]) VALUES (20, 6, N'InsurerId', N'long', N'بیمه گر')
INSERT [dbo].[InsuranceField] ([Id], [InsuranceId], [Key], [Type], [Description]) VALUES (21, 11, N'VehicleTypeId', N'long', N'نوع خودرو')
INSERT [dbo].[InsuranceField] ([Id], [InsuranceId], [Key], [Type], [Description]) VALUES (22, 11, N'VehicleBrandId', N'long', N'برند خودرو')
INSERT [dbo].[InsuranceField] ([Id], [InsuranceId], [Key], [Type], [Description]) VALUES (23, 11, N'VehicleRuleCategoryId', N'long', N'دسته بندی قانونی خودرو')
INSERT [dbo].[InsuranceField] ([Id], [InsuranceId], [Key], [Type], [Description]) VALUES (24, 11, N'VehicleConstructionYear', N'int', N'سال ساخت خودرو')
INSERT [dbo].[InsuranceField] ([Id], [InsuranceId], [Key], [Type], [Description]) VALUES (25, 11, N'VehicleId', N'long', N'خودرو')
INSERT [dbo].[InsuranceField] ([Id], [InsuranceId], [Key], [Type], [Description]) VALUES (26, 11, N'VehicleApplicationId', N'long', N'کاربری خودرو')
INSERT [dbo].[InsuranceField] ([Id], [InsuranceId], [Key], [Type], [Description]) VALUES (27, 11, N'IsWithoutInsurance', N'bool', N'بدون بیمه است؟')
INSERT [dbo].[InsuranceField] ([Id], [InsuranceId], [Key], [Type], [Description]) VALUES (28, 11, N'OldInsurerId', N'long', N'بیمه گر قبلی')
INSERT [dbo].[InsuranceField] ([Id], [InsuranceId], [Key], [Type], [Description]) VALUES (29, 11, N'OldInsurerStartDate', N'string', N'تاریخ شروع بیمه قبلی')
INSERT [dbo].[InsuranceField] ([Id], [InsuranceId], [Key], [Type], [Description]) VALUES (30, 11, N'OldInsurerExpireDate', N'string', N'تاریخ پایان بیمه قبلی')
INSERT [dbo].[InsuranceField] ([Id], [InsuranceId], [Key], [Type], [Description]) VALUES (31, 11, N'IsChangedOwner', N'bool', N'تغییر مالکیت')
INSERT [dbo].[InsuranceField] ([Id], [InsuranceId], [Key], [Type], [Description]) VALUES (32, 11, N'IsZeroKilometer', N'bool', N'آیا صفر کیلومتر است؟')
INSERT [dbo].[InsuranceField] ([Id], [InsuranceId], [Key], [Type], [Description]) VALUES (33, 11, N'IsPrevDamaged', N'bool', N'آیا قبلا خسارت داشته؟')
INSERT [dbo].[InsuranceField] ([Id], [InsuranceId], [Key], [Type], [Description]) VALUES (34, 11, N'VehicleClearanceDate', N'string', N'تاریخ ترخیص خودرو')
INSERT [dbo].[InsuranceField] ([Id], [InsuranceId], [Key], [Type], [Description]) VALUES (35, 11, N'InsurerId', N'long', N'بیمه گر')

INSERT [dbo].[InsuranceField] ([Id], [InsuranceId], [Key], [Type], [Description]) VALUES (36, 11, N'CarValue', N'string', N'ارزش خودرو')
INSERT [dbo].[InsuranceField] ([Id], [InsuranceId], [Key], [Type], [Description]) VALUES (37, 11, N'Transportation', N'int', N'حمل و نقل')
INSERT [dbo].[InsuranceField] ([Id], [InsuranceId], [Key], [Type], [Description]) VALUES (38, 11, N'FloodAndEarthquakeId', N'int', N'زلزله و سیل')
INSERT [dbo].[InsuranceField] ([Id], [InsuranceId], [Key], [Type], [Description]) VALUES (39, 11, N'GlassBreakingId', N'int', N'شکست شیشه')
INSERT [dbo].[InsuranceField] ([Id], [InsuranceId], [Key], [Type], [Description]) VALUES (40, 11, N'AcidAndChemicalId', N'int', N'پاشش اسید')
INSERT [dbo].[InsuranceField] ([Id], [InsuranceId], [Key], [Type], [Description]) VALUES (41, 11, N'StealingRequestedPartsId', N'int', N'سرقت قطعات درهواست شده')
INSERT [dbo].[InsuranceField] ([Id], [InsuranceId], [Key], [Type], [Description]) VALUES (42, 11, N'StealingAllPartsId', N'int', N'سرقت همه قطعات')
INSERT [dbo].[InsuranceField] ([Id], [InsuranceId], [Key], [Type], [Description]) VALUES (43, 11, N'FranchiseRemovalId', N'int', N'حذف فرانشیز')
INSERT [dbo].[InsuranceField] ([Id], [InsuranceId], [Key], [Type], [Description]) VALUES (44, 11, N'MarketFluctuateCoverId', N'int', N'نوسان قیمت')
INSERT [dbo].[InsuranceField] ([Id], [InsuranceId], [Key], [Type], [Description]) VALUES (45, 11, N'NoDamageDiscountId', N'int', N'تخفیف عدم خسارت')
INSERT [dbo].[InsuranceField] ([Id], [InsuranceId], [Key], [Type], [Description]) VALUES (46, 11, N'GroupDiscountId', N'int', N'تخفیف گروهی')
INSERT [dbo].[InsuranceField] ([Id], [InsuranceId], [Key], [Type], [Description]) VALUES (47, 11, N'CashDiscountId', N'int', N'تخفیف نقدی')
INSERT [dbo].[InsuranceField] ([Id], [InsuranceId], [Key], [Type], [Description]) VALUES (48, 11, N'TaxId', N'int', N'مالیات')
INSERT [dbo].[InsuranceField] ([Id], [InsuranceId], [Key], [Type], [Description]) VALUES (49, 11, N'BodyNoDamageDisountId', N'int', N'تخفیف عدم خسارت بدنه')
INSERT [dbo].[InsuranceField] ([Id], [InsuranceId], [Key], [Type], [Description]) VALUES (50, 11, N'InsurerId', N'long', N'بیمه گر')




INSERT [dbo].[InsuranceField] ([Id], [InsuranceId], [Key], [Type], [Description]) VALUES (51, 13, N'VehicleTypeId', N'long', N'نوع خودرو')
INSERT [dbo].[InsuranceField] ([Id], [InsuranceId], [Key], [Type], [Description]) VALUES (52, 13, N'VehicleBrandId', N'long', N'برند خودرو')
INSERT [dbo].[InsuranceField] ([Id], [InsuranceId], [Key], [Type], [Description]) VALUES (53, 13, N'VehicleRuleCategoryId', N'long', N'دسته بندی قانونی خودرو')
INSERT [dbo].[InsuranceField] ([Id], [InsuranceId], [Key], [Type], [Description]) VALUES (54, 13, N'VehicleConstructionYear', N'int', N'سال ساخت خودرو')
INSERT [dbo].[InsuranceField] ([Id], [InsuranceId], [Key], [Type], [Description]) VALUES (55, 13, N'VehicleId', N'long', N'خودرو')
INSERT [dbo].[InsuranceField] ([Id], [InsuranceId], [Key], [Type], [Description]) VALUES (56, 13, N'VehicleApplicationId', N'long', N'کاربری خودرو')
INSERT [dbo].[InsuranceField] ([Id], [InsuranceId], [Key], [Type], [Description]) VALUES (57, 13, N'IsWithoutInsurance', N'bool', N'بدون بیمه است؟')
INSERT [dbo].[InsuranceField] ([Id], [InsuranceId], [Key], [Type], [Description]) VALUES (58, 13, N'OldInsurerId', N'long', N'بیمه گر قبلی')
INSERT [dbo].[InsuranceField] ([Id], [InsuranceId], [Key], [Type], [Description]) VALUES (59, 13, N'OldInsurerStartDate', N'string', N'تاریخ شروع بیمه قبلی')
INSERT [dbo].[InsuranceField] ([Id], [InsuranceId], [Key], [Type], [Description]) VALUES (60, 13, N'OldInsurerExpireDate', N'string', N'تاریخ پایان بیمه قبلی')
INSERT [dbo].[InsuranceField] ([Id], [InsuranceId], [Key], [Type], [Description]) VALUES (61, 13, N'IsChangedOwner', N'bool', N'تغییر مالکیت')
INSERT [dbo].[InsuranceField] ([Id], [InsuranceId], [Key], [Type], [Description]) VALUES (62, 13, N'IsZeroKilometer', N'bool', N'آیا صفر کیلومتر است؟')
INSERT [dbo].[InsuranceField] ([Id], [InsuranceId], [Key], [Type], [Description]) VALUES (63, 13, N'IsPrevDamaged', N'bool', N'آیا قبلا خسارت داشته؟')
INSERT [dbo].[InsuranceField] ([Id], [InsuranceId], [Key], [Type], [Description]) VALUES (64, 13, N'VehicleClearanceDate', N'string', N'تاریخ ترخیص خودرو')
INSERT [dbo].[InsuranceField] ([Id], [InsuranceId], [Key], [Type], [Description]) VALUES (65, 13, N'InsurerId', N'long', N'بیمه گر')



INSERT [dbo].[InsuranceField] ([Id], [InsuranceId], [Key], [Type], [Description]) VALUES (66, 14, N'VehicleTypeId', N'long', N'نوع خودرو')
INSERT [dbo].[InsuranceField] ([Id], [InsuranceId], [Key], [Type], [Description]) VALUES (67, 14, N'VehicleBrandId', N'long', N'برند خودرو')
INSERT [dbo].[InsuranceField] ([Id], [InsuranceId], [Key], [Type], [Description]) VALUES (68, 14, N'VehicleRuleCategoryId', N'long', N'دسته بندی قانونی خودرو')
INSERT [dbo].[InsuranceField] ([Id], [InsuranceId], [Key], [Type], [Description]) VALUES (69, 14, N'VehicleConstructionYear', N'int', N'سال ساخت خودرو')
INSERT [dbo].[InsuranceField] ([Id], [InsuranceId], [Key], [Type], [Description]) VALUES (70, 14, N'VehicleId', N'long', N'خودرو')
INSERT [dbo].[InsuranceField] ([Id], [InsuranceId], [Key], [Type], [Description]) VALUES (71, 14, N'VehicleApplicationId', N'long', N'کاربری خودرو')
INSERT [dbo].[InsuranceField] ([Id], [InsuranceId], [Key], [Type], [Description]) VALUES (72, 14, N'IsWithoutInsurance', N'bool', N'بدون بیمه است؟')
INSERT [dbo].[InsuranceField] ([Id], [InsuranceId], [Key], [Type], [Description]) VALUES (73, 14, N'OldInsurerId', N'long', N'بیمه گر قبلی')
INSERT [dbo].[InsuranceField] ([Id], [InsuranceId], [Key], [Type], [Description]) VALUES (74, 14, N'OldInsurerStartDate', N'string', N'تاریخ شروع بیمه قبلی')
INSERT [dbo].[InsuranceField] ([Id], [InsuranceId], [Key], [Type], [Description]) VALUES (75, 14, N'OldInsurerExpireDate', N'string', N'تاریخ پایان بیمه قبلی')
INSERT [dbo].[InsuranceField] ([Id], [InsuranceId], [Key], [Type], [Description]) VALUES (76, 14, N'IsChangedOwner', N'bool', N'تغییر مالکیت')
INSERT [dbo].[InsuranceField] ([Id], [InsuranceId], [Key], [Type], [Description]) VALUES (77, 14, N'IsZeroKilometer', N'bool', N'آیا صفر کیلومتر است؟')
INSERT [dbo].[InsuranceField] ([Id], [InsuranceId], [Key], [Type], [Description]) VALUES (78, 14, N'IsPrevDamaged', N'bool', N'آیا قبلا خسارت داشته؟')
INSERT [dbo].[InsuranceField] ([Id], [InsuranceId], [Key], [Type], [Description]) VALUES (79, 14, N'VehicleClearanceDate', N'string', N'تاریخ ترخیص خودرو')
INSERT [dbo].[InsuranceField] ([Id], [InsuranceId], [Key], [Type], [Description]) VALUES (80, 14, N'InsurerId', N'long', N'بیمه گر')


INSERT [dbo].[InsuranceField] ([Id], [InsuranceId], [Key], [Type], [Description]) VALUES (81, 15, N'VehicleTypeId', N'long', N'نوع خودرو')
INSERT [dbo].[InsuranceField] ([Id], [InsuranceId], [Key], [Type], [Description]) VALUES (82, 15, N'VehicleBrandId', N'long', N'برند خودرو')
INSERT [dbo].[InsuranceField] ([Id], [InsuranceId], [Key], [Type], [Description]) VALUES (83, 15, N'VehicleRuleCategoryId', N'long', N'دسته بندی قانونی خودرو')
INSERT [dbo].[InsuranceField] ([Id], [InsuranceId], [Key], [Type], [Description]) VALUES (84, 15, N'VehicleConstructionYear', N'int', N'سال ساخت خودرو')
INSERT [dbo].[InsuranceField] ([Id], [InsuranceId], [Key], [Type], [Description]) VALUES (85, 15, N'VehicleId', N'long', N'خودرو')
INSERT [dbo].[InsuranceField] ([Id], [InsuranceId], [Key], [Type], [Description]) VALUES (86, 15, N'VehicleApplicationId', N'long', N'کاربری خودرو')
INSERT [dbo].[InsuranceField] ([Id], [InsuranceId], [Key], [Type], [Description]) VALUES (87, 15, N'IsWithoutInsurance', N'bool', N'بدون بیمه است؟')
INSERT [dbo].[InsuranceField] ([Id], [InsuranceId], [Key], [Type], [Description]) VALUES (88, 15, N'OldInsurerId', N'long', N'بیمه گر قبلی')
INSERT [dbo].[InsuranceField] ([Id], [InsuranceId], [Key], [Type], [Description]) VALUES (89, 15, N'OldInsurerStartDate', N'string', N'تاریخ شروع بیمه قبلی')
INSERT [dbo].[InsuranceField] ([Id], [InsuranceId], [Key], [Type], [Description]) VALUES (90, 15, N'OldInsurerExpireDate', N'string', N'تاریخ پایان بیمه قبلی')
INSERT [dbo].[InsuranceField] ([Id], [InsuranceId], [Key], [Type], [Description]) VALUES (91, 15, N'IsChangedOwner', N'bool', N'تغییر مالکیت')
INSERT [dbo].[InsuranceField] ([Id], [InsuranceId], [Key], [Type], [Description]) VALUES (92, 15, N'IsZeroKilometer', N'bool', N'آیا صفر کیلومتر است؟')
INSERT [dbo].[InsuranceField] ([Id], [InsuranceId], [Key], [Type], [Description]) VALUES (93, 15, N'IsPrevDamaged', N'bool', N'آیا قبلا خسارت داشته؟')
INSERT [dbo].[InsuranceField] ([Id], [InsuranceId], [Key], [Type], [Description]) VALUES (94, 15, N'VehicleClearanceDate', N'string', N'تاریخ ترخیص خودرو')
INSERT [dbo].[InsuranceField] ([Id], [InsuranceId], [Key], [Type], [Description]) VALUES (95, 15, N'InsurerId', N'long', N'بیمه گر')


INSERT [dbo].[InsuranceField] ([Id], [InsuranceId], [Key], [Type], [Description]) VALUES (96, 16, N'VehicleTypeId', N'long', N'نوع خودرو')
INSERT [dbo].[InsuranceField] ([Id], [InsuranceId], [Key], [Type], [Description]) VALUES (97, 16, N'VehicleBrandId', N'long', N'برند خودرو')
INSERT [dbo].[InsuranceField] ([Id], [InsuranceId], [Key], [Type], [Description]) VALUES (98, 16, N'VehicleRuleCategoryId', N'long', N'دسته بندی قانونی خودرو')
INSERT [dbo].[InsuranceField] ([Id], [InsuranceId], [Key], [Type], [Description]) VALUES (99, 16, N'VehicleConstructionYear', N'int', N'سال ساخت خودرو')
INSERT [dbo].[InsuranceField] ([Id], [InsuranceId], [Key], [Type], [Description]) VALUES (100, 16, N'VehicleId', N'long', N'خودرو')
INSERT [dbo].[InsuranceField] ([Id], [InsuranceId], [Key], [Type], [Description]) VALUES (101, 16, N'VehicleApplicationId', N'long', N'کاربری خودرو')
INSERT [dbo].[InsuranceField] ([Id], [InsuranceId], [Key], [Type], [Description]) VALUES (102, 16, N'IsWithoutInsurance', N'bool', N'بدون بیمه است؟')
INSERT [dbo].[InsuranceField] ([Id], [InsuranceId], [Key], [Type], [Description]) VALUES (103, 16, N'OldInsurerId', N'long', N'بیمه گر قبلی')
INSERT [dbo].[InsuranceField] ([Id], [InsuranceId], [Key], [Type], [Description]) VALUES (104, 16, N'OldInsurerStartDate', N'string', N'تاریخ شروع بیمه قبلی')
INSERT [dbo].[InsuranceField] ([Id], [InsuranceId], [Key], [Type], [Description]) VALUES (105, 16, N'OldInsurerExpireDate', N'string', N'تاریخ پایان بیمه قبلی')
INSERT [dbo].[InsuranceField] ([Id], [InsuranceId], [Key], [Type], [Description]) VALUES (106, 16, N'IsChangedOwner', N'bool', N'تغییر مالکیت')
INSERT [dbo].[InsuranceField] ([Id], [InsuranceId], [Key], [Type], [Description]) VALUES (107, 16, N'IsZeroKilometer', N'bool', N'آیا صفر کیلومتر است؟')
INSERT [dbo].[InsuranceField] ([Id], [InsuranceId], [Key], [Type], [Description]) VALUES (108, 16, N'IsPrevDamaged', N'bool', N'آیا قبلا خسارت داشته؟')
INSERT [dbo].[InsuranceField] ([Id], [InsuranceId], [Key], [Type], [Description]) VALUES (109, 16, N'VehicleClearanceDate', N'string', N'تاریخ ترخیص خودرو')
INSERT [dbo].[InsuranceField] ([Id], [InsuranceId], [Key], [Type], [Description]) VALUES (110, 16, N'InsurerId', N'long', N'بیمه گر')

INSERT [dbo].[InsuranceField] ([Id], [InsuranceId], [Key], [Type], [Description]) VALUES (111, 17, N'VehicleTypeId', N'long', N'نوع خودرو')
INSERT [dbo].[InsuranceField] ([Id], [InsuranceId], [Key], [Type], [Description]) VALUES (112, 17, N'VehicleBrandId', N'long', N'برند خودرو')
INSERT [dbo].[InsuranceField] ([Id], [InsuranceId], [Key], [Type], [Description]) VALUES (113, 17, N'VehicleRuleCategoryId', N'long', N'دسته بندی قانونی خودرو')
INSERT [dbo].[InsuranceField] ([Id], [InsuranceId], [Key], [Type], [Description]) VALUES (114, 17, N'VehicleConstructionYear', N'int', N'سال ساخت خودرو')
INSERT [dbo].[InsuranceField] ([Id], [InsuranceId], [Key], [Type], [Description]) VALUES (115, 17, N'VehicleId', N'long', N'خودرو')
INSERT [dbo].[InsuranceField] ([Id], [InsuranceId], [Key], [Type], [Description]) VALUES (116, 17, N'VehicleApplicationId', N'long', N'کاربری خودرو')
INSERT [dbo].[InsuranceField] ([Id], [InsuranceId], [Key], [Type], [Description]) VALUES (117, 17, N'IsWithoutInsurance', N'bool', N'بدون بیمه است؟')
INSERT [dbo].[InsuranceField] ([Id], [InsuranceId], [Key], [Type], [Description]) VALUES (118, 17, N'OldInsurerId', N'long', N'بیمه گر قبلی')
INSERT [dbo].[InsuranceField] ([Id], [InsuranceId], [Key], [Type], [Description]) VALUES (119, 17, N'OldInsurerStartDate', N'string', N'تاریخ شروع بیمه قبلی')
INSERT [dbo].[InsuranceField] ([Id], [InsuranceId], [Key], [Type], [Description]) VALUES (120, 17, N'OldInsurerExpireDate', N'string', N'تاریخ پایان بیمه قبلی')
INSERT [dbo].[InsuranceField] ([Id], [InsuranceId], [Key], [Type], [Description]) VALUES (121, 17, N'IsChangedOwner', N'bool', N'تغییر مالکیت')
INSERT [dbo].[InsuranceField] ([Id], [InsuranceId], [Key], [Type], [Description]) VALUES (122, 17, N'IsZeroKilometer', N'bool', N'آیا صفر کیلومتر است؟')
INSERT [dbo].[InsuranceField] ([Id], [InsuranceId], [Key], [Type], [Description]) VALUES (123, 17, N'IsPrevDamaged', N'bool', N'آیا قبلا خسارت داشته؟')
INSERT [dbo].[InsuranceField] ([Id], [InsuranceId], [Key], [Type], [Description]) VALUES (124, 17, N'VehicleClearanceDate', N'string', N'تاریخ ترخیص خودرو')
INSERT [dbo].[InsuranceField] ([Id], [InsuranceId], [Key], [Type], [Description]) VALUES (125, 17, N'InsurerId', N'long', N'بیمه گر')

INSERT [dbo].[InsuranceField] ([Id], [InsuranceId], [Key], [Type], [Description]) VALUES (126, 18, N'VehicleTypeId', N'long', N'نوع خودرو')
INSERT [dbo].[InsuranceField] ([Id], [InsuranceId], [Key], [Type], [Description]) VALUES (127, 18, N'VehicleBrandId', N'long', N'برند خودرو')
INSERT [dbo].[InsuranceField] ([Id], [InsuranceId], [Key], [Type], [Description]) VALUES (128, 18, N'VehicleRuleCategoryId', N'long', N'دسته بندی قانونی خودرو')
INSERT [dbo].[InsuranceField] ([Id], [InsuranceId], [Key], [Type], [Description]) VALUES (129, 18, N'VehicleConstructionYear', N'int', N'سال ساخت خودرو')
INSERT [dbo].[InsuranceField] ([Id], [InsuranceId], [Key], [Type], [Description]) VALUES (130, 18, N'VehicleId', N'long', N'خودرو')
INSERT [dbo].[InsuranceField] ([Id], [InsuranceId], [Key], [Type], [Description]) VALUES (131, 18, N'VehicleApplicationId', N'long', N'کاربری خودرو')
INSERT [dbo].[InsuranceField] ([Id], [InsuranceId], [Key], [Type], [Description]) VALUES (132, 18, N'IsWithoutInsurance', N'bool', N'بدون بیمه است؟')
INSERT [dbo].[InsuranceField] ([Id], [InsuranceId], [Key], [Type], [Description]) VALUES (133, 18, N'OldInsurerId', N'long', N'بیمه گر قبلی')
INSERT [dbo].[InsuranceField] ([Id], [InsuranceId], [Key], [Type], [Description]) VALUES (134, 18, N'OldInsurerStartDate', N'string', N'تاریخ شروع بیمه قبلی')
INSERT [dbo].[InsuranceField] ([Id], [InsuranceId], [Key], [Type], [Description]) VALUES (135, 18, N'OldInsurerExpireDate', N'string', N'تاریخ پایان بیمه قبلی')
INSERT [dbo].[InsuranceField] ([Id], [InsuranceId], [Key], [Type], [Description]) VALUES (136, 18, N'IsChangedOwner', N'bool', N'تغییر مالکیت')
INSERT [dbo].[InsuranceField] ([Id], [InsuranceId], [Key], [Type], [Description]) VALUES (137, 18, N'IsZeroKilometer', N'bool', N'آیا صفر کیلومتر است؟')
INSERT [dbo].[InsuranceField] ([Id], [InsuranceId], [Key], [Type], [Description]) VALUES (138, 18, N'IsPrevDamaged', N'bool', N'آیا قبلا خسارت داشته؟')
INSERT [dbo].[InsuranceField] ([Id], [InsuranceId], [Key], [Type], [Description]) VALUES (139, 18, N'VehicleClearanceDate', N'string', N'تاریخ ترخیص خودرو')
INSERT [dbo].[InsuranceField] ([Id], [InsuranceId], [Key], [Type], [Description]) VALUES (140, 18, N'InsurerId', N'long', N'بیمه گر')


INSERT [dbo].[InsuranceField] ([Id], [InsuranceId], [Key], [Type], [Description]) VALUES (141, 19, N'VehicleTypeId', N'long', N'نوع خودرو')
INSERT [dbo].[InsuranceField] ([Id], [InsuranceId], [Key], [Type], [Description]) VALUES (142, 19, N'VehicleBrandId', N'long', N'برند خودرو')
INSERT [dbo].[InsuranceField] ([Id], [InsuranceId], [Key], [Type], [Description]) VALUES (143, 19, N'VehicleRuleCategoryId', N'long', N'دسته بندی قانونی خودرو')
INSERT [dbo].[InsuranceField] ([Id], [InsuranceId], [Key], [Type], [Description]) VALUES (144, 19, N'VehicleConstructionYear', N'int', N'سال ساخت خودرو')
INSERT [dbo].[InsuranceField] ([Id], [InsuranceId], [Key], [Type], [Description]) VALUES (145, 19, N'VehicleId', N'long', N'خودرو')
INSERT [dbo].[InsuranceField] ([Id], [InsuranceId], [Key], [Type], [Description]) VALUES (146, 19, N'VehicleApplicationId', N'long', N'کاربری خودرو')
INSERT [dbo].[InsuranceField] ([Id], [InsuranceId], [Key], [Type], [Description]) VALUES (147, 19, N'IsWithoutInsurance', N'bool', N'بدون بیمه است؟')
INSERT [dbo].[InsuranceField] ([Id], [InsuranceId], [Key], [Type], [Description]) VALUES (148, 19, N'OldInsurerId', N'long', N'بیمه گر قبلی')
INSERT [dbo].[InsuranceField] ([Id], [InsuranceId], [Key], [Type], [Description]) VALUES (149, 19, N'OldInsurerStartDate', N'string', N'تاریخ شروع بیمه قبلی')
INSERT [dbo].[InsuranceField] ([Id], [InsuranceId], [Key], [Type], [Description]) VALUES (150, 19, N'OldInsurerExpireDate', N'string', N'تاریخ پایان بیمه قبلی')
INSERT [dbo].[InsuranceField] ([Id], [InsuranceId], [Key], [Type], [Description]) VALUES (151, 19, N'IsChangedOwner', N'bool', N'تغییر مالکیت')
INSERT [dbo].[InsuranceField] ([Id], [InsuranceId], [Key], [Type], [Description]) VALUES (152, 19, N'IsZeroKilometer', N'bool', N'آیا صفر کیلومتر است؟')
INSERT [dbo].[InsuranceField] ([Id], [InsuranceId], [Key], [Type], [Description]) VALUES (153, 19, N'IsPrevDamaged', N'bool', N'آیا قبلا خسارت داشته؟')
INSERT [dbo].[InsuranceField] ([Id], [InsuranceId], [Key], [Type], [Description]) VALUES (154, 19, N'VehicleClearanceDate', N'string', N'تاریخ ترخیص خودرو')
INSERT [dbo].[InsuranceField] ([Id], [InsuranceId], [Key], [Type], [Description]) VALUES (155, 19, N'InsurerId', N'long', N'بیمه گر')


INSERT [dbo].[InsuranceField] ([Id], [InsuranceId], [Key], [Type], [Description]) VALUES (156, 20, N'VehicleTypeId', N'long', N'نوع خودرو')
INSERT [dbo].[InsuranceField] ([Id], [InsuranceId], [Key], [Type], [Description]) VALUES (157, 20, N'VehicleBrandId', N'long', N'برند خودرو')
INSERT [dbo].[InsuranceField] ([Id], [InsuranceId], [Key], [Type], [Description]) VALUES (158, 20, N'VehicleRuleCategoryId', N'long', N'دسته بندی قانونی خودرو')
INSERT [dbo].[InsuranceField] ([Id], [InsuranceId], [Key], [Type], [Description]) VALUES (159, 20, N'VehicleConstructionYear', N'int', N'سال ساخت خودرو')
INSERT [dbo].[InsuranceField] ([Id], [InsuranceId], [Key], [Type], [Description]) VALUES (160, 20, N'VehicleId', N'long', N'خودرو')
INSERT [dbo].[InsuranceField] ([Id], [InsuranceId], [Key], [Type], [Description]) VALUES (161, 20, N'VehicleApplicationId', N'long', N'کاربری خودرو')
INSERT [dbo].[InsuranceField] ([Id], [InsuranceId], [Key], [Type], [Description]) VALUES (162, 20, N'IsWithoutInsurance', N'bool', N'بدون بیمه است؟')
INSERT [dbo].[InsuranceField] ([Id], [InsuranceId], [Key], [Type], [Description]) VALUES (163, 20, N'OldInsurerId', N'long', N'بیمه گر قبلی')
INSERT [dbo].[InsuranceField] ([Id], [InsuranceId], [Key], [Type], [Description]) VALUES (164, 20, N'OldInsurerStartDate', N'string', N'تاریخ شروع بیمه قبلی')
INSERT [dbo].[InsuranceField] ([Id], [InsuranceId], [Key], [Type], [Description]) VALUES (165, 20, N'OldInsurerExpireDate', N'string', N'تاریخ پایان بیمه قبلی')
INSERT [dbo].[InsuranceField] ([Id], [InsuranceId], [Key], [Type], [Description]) VALUES (166, 20, N'IsChangedOwner', N'bool', N'تغییر مالکیت')
INSERT [dbo].[InsuranceField] ([Id], [InsuranceId], [Key], [Type], [Description]) VALUES (167, 20, N'IsZeroKilometer', N'bool', N'آیا صفر کیلومتر است؟')
INSERT [dbo].[InsuranceField] ([Id], [InsuranceId], [Key], [Type], [Description]) VALUES (168, 20, N'IsPrevDamaged', N'bool', N'آیا قبلا خسارت داشته؟')
INSERT [dbo].[InsuranceField] ([Id], [InsuranceId], [Key], [Type], [Description]) VALUES (169, 20, N'VehicleClearanceDate', N'string', N'تاریخ ترخیص خودرو')
INSERT [dbo].[InsuranceField] ([Id], [InsuranceId], [Key], [Type], [Description]) VALUES (170, 20, N'InsurerId', N'long', N'بیمه گر')
SET IDENTITY_INSERT [dbo].[InsuranceField] OFF




SET IDENTITY_INSERT [dbo].[InsuranceTermType] ON 

INSERT [dbo].[InsuranceTermType] ([Id], [InsuranceFieldId], [TermCaption], [Order], [Field], [RelatedResource], [ResourceTypeId], [PricingTypeId]) VALUES (13, 12, N'تخفیف ثالث', 1, N'ThirdDiscountId', N'ThirdDiscount', 2, 2)
INSERT [dbo].[InsuranceTermType] ([Id], [InsuranceFieldId], [TermCaption], [Order], [Field], [RelatedResource], [ResourceTypeId], [PricingTypeId]) VALUES (14, 13, N'تخفیف حوادث راننده', 1, N'DriverDiscountId', N'DriverDiscount', 2, 2)
INSERT [dbo].[InsuranceTermType] ([Id], [InsuranceFieldId], [TermCaption], [Order], [Field], [RelatedResource], [ResourceTypeId], [PricingTypeId]) VALUES (15, 7, N'آیا بدون بیمه قبلی است', 1, N'IsWithoutInsurance', N'IsWithoutInsurance', 2, 2)
INSERT [dbo].[InsuranceTermType] ([Id], [InsuranceFieldId], [TermCaption], [Order], [Field], [RelatedResource], [ResourceTypeId], [PricingTypeId]) VALUES (16, 11, N'آیا تغییر مالکیت داشته', 1, N'IsChangedOwner', N'IsChangedOwner', 2, 2)
INSERT [dbo].[InsuranceTermType] ([Id], [InsuranceFieldId], [TermCaption], [Order], [Field], [RelatedResource], [ResourceTypeId], [PricingTypeId]) VALUES (17, 14, N'خسارت جانی ثالث', 1, N'ThirdLifeDamageId', N'ThirdLifeDamage', 2, 2)
INSERT [dbo].[InsuranceTermType] ([Id], [InsuranceFieldId], [TermCaption], [Order], [Field], [RelatedResource], [ResourceTypeId], [PricingTypeId]) VALUES (18, 15, N'خسارت مالی ثالث', 1, N'ThirdFinancialDamageId', N'ThirdFinancialDamage', 2, 2)
INSERT [dbo].[InsuranceTermType] ([Id], [InsuranceFieldId], [TermCaption], [Order], [Field], [RelatedResource], [ResourceTypeId], [PricingTypeId]) VALUES (19, 16, N'خسارت جانی راننده', 1, N'DriverLifeDamageId', N'DriverLifeDamage', 2, 2)
INSERT [dbo].[InsuranceTermType] ([Id], [InsuranceFieldId], [TermCaption], [Order], [Field], [RelatedResource], [ResourceTypeId], [PricingTypeId]) VALUES (20, 17, N'آیا صفر کیلومتر است', 1, N'IsZeroKilometer', N'IsZeroKilometer', 2, 2)
INSERT [dbo].[InsuranceTermType] ([Id], [InsuranceFieldId], [TermCaption], [Order], [Field], [RelatedResource], [ResourceTypeId], [PricingTypeId]) VALUES (21, 18, N'آیا قبلا خسارت داشته است', 1, N'IsPrevDamaged', N'IsPrevDamaged', 2, 2)
INSERT [dbo].[InsuranceTermType] ([Id], [InsuranceFieldId], [TermCaption], [Order], [Field], [RelatedResource], [ResourceTypeId], [PricingTypeId]) VALUES (22, 1, N'نوع خودرو', 1, N'VehicleTypeId', N'vehicle-type', 1, 2)
INSERT [dbo].[InsuranceTermType] ([Id], [InsuranceFieldId], [TermCaption], [Order], [Field], [RelatedResource], [ResourceTypeId], [PricingTypeId]) VALUES (23, 2, N'برند خودرو', 1, N'VehicleBrandId', N'vehicle-brand', 1, 2)
INSERT [dbo].[InsuranceTermType] ([Id], [InsuranceFieldId], [TermCaption], [Order], [Field], [RelatedResource], [ResourceTypeId], [PricingTypeId]) VALUES (24, 4, N'سال ساخت خودرو', 1, N'VehicleConstructionYear', NULL, 3, 2)
INSERT [dbo].[InsuranceTermType] ([Id], [InsuranceFieldId], [TermCaption], [Order], [Field], [RelatedResource], [ResourceTypeId], [PricingTypeId]) VALUES (25, 5, N'خودرو', 1, N'VehicleId', N'vehicle', 1, 2)
INSERT [dbo].[InsuranceTermType] ([Id], [InsuranceFieldId], [TermCaption], [Order], [Field], [RelatedResource], [ResourceTypeId], [PricingTypeId]) VALUES (26, 6, N'کاربری خودرو', 1, N'VehicleApplicationId', N'vehicle-application', 1, 2)
INSERT [dbo].[InsuranceTermType] ([Id], [InsuranceFieldId], [TermCaption], [Order], [Field], [RelatedResource], [ResourceTypeId], [PricingTypeId]) VALUES (27, 8, N'بیمه گر قبلی', 1, N'OldInsurerId', N'company/list', 1, 2)

INSERT [dbo].[InsuranceTermType] ([Id], [InsuranceFieldId], [TermCaption], [Order], [Field], [RelatedResource], [ResourceTypeId], [PricingTypeId]) VALUES (28, 9, N'تاریخ شروع بیمه قبلی', 1, N'OldInsurerStartDate', NULL, 3, 2)
INSERT [dbo].[InsuranceTermType] ([Id], [InsuranceFieldId], [TermCaption], [Order], [Field], [RelatedResource], [ResourceTypeId], [PricingTypeId]) VALUES (29, 10, N'تاریخ پایان بیمه قبلی', 1, N'OldInsurerExpireDate', NULL, 3, 2)

INSERT [dbo].[InsuranceTermType] ([Id], [InsuranceFieldId], [TermCaption], [Order], [Field], [RelatedResource], [ResourceTypeId], [PricingTypeId]) VALUES (30, 19, N'تاریخ ترخیص خودرو', 1, N'VehicleClearanceDate', NULL, 3, 2)

INSERT [dbo].[InsuranceTermType] ([Id], [InsuranceFieldId], [TermCaption], [Order], [Field], [RelatedResource], [ResourceTypeId], [PricingTypeId]) VALUES (31, 20, N'بیمه گر', 1, N'InsurerId', N'company/list', 1, 2)



-- Body
INSERT [dbo].[InsuranceTermType] ([Id], [InsuranceFieldId], [TermCaption], [Order], [Field], [RelatedResource], [ResourceTypeId], [PricingTypeId]) VALUES (32, 21, N'نوع خودرو', 1, N'VehicleTypeId', N'vehicle-type', 1, 2)
INSERT [dbo].[InsuranceTermType] ([Id], [InsuranceFieldId], [TermCaption], [Order], [Field], [RelatedResource], [ResourceTypeId], [PricingTypeId]) VALUES (33, 22, N'برند خودرو', 1, N'VehicleBrandId', N'vehicle-brand', 1, 2)
INSERT [dbo].[InsuranceTermType] ([Id], [InsuranceFieldId], [TermCaption], [Order], [Field], [RelatedResource], [ResourceTypeId], [PricingTypeId]) VALUES (34, 24, N'سال ساخت خودرو', 1, N'VehicleConstructionYear', NULL, 3, 2)
INSERT [dbo].[InsuranceTermType] ([Id], [InsuranceFieldId], [TermCaption], [Order], [Field], [RelatedResource], [ResourceTypeId], [PricingTypeId]) VALUES (35, 25, N'خودرو', 1, N'VehicleId', N'vehicle', 1, 2)
INSERT [dbo].[InsuranceTermType] ([Id], [InsuranceFieldId], [TermCaption], [Order], [Field], [RelatedResource], [ResourceTypeId], [PricingTypeId]) VALUES (36, 26, N'کاربری خودرو', 1, N'VehicleApplicationId', N'vehicle-application', 1, 2)
INSERT [dbo].[InsuranceTermType] ([Id], [InsuranceFieldId], [TermCaption], [Order], [Field], [RelatedResource], [ResourceTypeId], [PricingTypeId]) VALUES (37, 27, N'آیا بدون بیمه قبلی است', 1, N'IsWithoutInsurance', N'IsWithoutInsurance', 2, 2)



INSERT [dbo].[InsuranceTermType] ([Id], [InsuranceFieldId], [TermCaption], [Order], [Field], [RelatedResource], [ResourceTypeId], [PricingTypeId]) VALUES (38, 28, N'بیمه گر قبلی', 1, N'OldInsurerId', N'company/list', 1, 2)

INSERT [dbo].[InsuranceTermType] ([Id], [InsuranceFieldId], [TermCaption], [Order], [Field], [RelatedResource], [ResourceTypeId], [PricingTypeId]) VALUES (39, 29, N'تاریخ شروع بیمه قبلی', 1, N'OldInsurerStartDate', NULL, 3, 2)
INSERT [dbo].[InsuranceTermType] ([Id], [InsuranceFieldId], [TermCaption], [Order], [Field], [RelatedResource], [ResourceTypeId], [PricingTypeId]) VALUES (40, 30, N'تاریخ پایان بیمه قبلی', 1, N'OldInsurerExpireDate', NULL, 3, 2)

INSERT [dbo].[InsuranceTermType] ([Id], [InsuranceFieldId], [TermCaption], [Order], [Field], [RelatedResource], [ResourceTypeId], [PricingTypeId]) VALUES (41, 31, N'آیا تغییر مالکیت داشته', 1, N'IsChangedOwner', N'IsChangedOwner', 2, 2)

INSERT [dbo].[InsuranceTermType] ([Id], [InsuranceFieldId], [TermCaption], [Order], [Field], [RelatedResource], [ResourceTypeId], [PricingTypeId]) VALUES (42, 32, N'آیا صفر کیلومتر است', 1, N'IsZeroKilometer', N'IsZeroKilometer', 2, 2)
INSERT [dbo].[InsuranceTermType] ([Id], [InsuranceFieldId], [TermCaption], [Order], [Field], [RelatedResource], [ResourceTypeId], [PricingTypeId]) VALUES (43, 33, N'آیا قبلا خسارت داشته است', 1, N'IsPrevDamaged', N'IsPrevDamaged', 2, 2)


INSERT [dbo].[InsuranceTermType] ([Id], [InsuranceFieldId], [TermCaption], [Order], [Field], [RelatedResource], [ResourceTypeId], [PricingTypeId]) VALUES (44, 34, N'تاریخ ترخیص خودرو', 1, N'VehicleClearanceDate', NULL, 3, 2)

INSERT [dbo].[InsuranceTermType] ([Id], [InsuranceFieldId], [TermCaption], [Order], [Field], [RelatedResource], [ResourceTypeId], [PricingTypeId]) VALUES (45, 35, N'بیمه گر', 1, N'InsurerId', N'company/list', 1, 2)

INSERT [dbo].[InsuranceTermType] ([Id], [InsuranceFieldId], [TermCaption], [Order], [Field], [RelatedResource], [ResourceTypeId], [PricingTypeId]) VALUES (46, 36, N'ارزش خودرو', 1, N'CarValue', NULL, 3, 2)

INSERT [dbo].[InsuranceTermType] ([Id], [InsuranceFieldId], [TermCaption], [Order], [Field], [RelatedResource], [ResourceTypeId], [PricingTypeId]) VALUES (47, 37, N'اایاب ذهاب', 2, N'Transportation', NULL, 3, 2)

INSERT [dbo].[InsuranceTermType] ([Id], [InsuranceFieldId], [TermCaption], [Order], [Field], [RelatedResource], [ResourceTypeId], [PricingTypeId]) VALUES (48, 38, N'سیل، زلزله، آتشفشان', 3, N'FloodAndEarthquakeId', N'InsurerTermsType', 2, 2)

INSERT [dbo].[InsuranceTermType] ([Id], [InsuranceFieldId], [TermCaption], [Order], [Field], [RelatedResource], [ResourceTypeId], [PricingTypeId]) VALUES (49, 39, N'شکست شیشه', 4, N'GlassBreakingId', N'InsurerTermsType', 2, 2)

INSERT [dbo].[InsuranceTermType] ([Id], [InsuranceFieldId], [TermCaption], [Order], [Field], [RelatedResource], [ResourceTypeId], [PricingTypeId]) VALUES (50, 40, N'خسارت ناشی از پاشیده شدن اسید و مواد شیمیایی', 5, N'AcidAndChemicalId', N'InsurerTermsType', 2, 2)

INSERT [dbo].[InsuranceTermType] ([Id], [InsuranceFieldId], [TermCaption], [Order], [Field], [RelatedResource], [ResourceTypeId], [PricingTypeId]) VALUES (51, 41, N'سرقت درجای قطعات درخواستی', 6, N'StealingRequestedPartsId', N'InsurerTermsType', 2, 2)

INSERT [dbo].[InsuranceTermType] ([Id], [InsuranceFieldId], [TermCaption], [Order], [Field], [RelatedResource], [ResourceTypeId], [PricingTypeId]) VALUES (52, 42, N'سرقت درجا (کلیه لوازم)', 7, N'StealingAllPartsId', N'InsurerTermsType', 2, 2)

INSERT [dbo].[InsuranceTermType] ([Id], [InsuranceFieldId], [TermCaption], [Order], [Field], [RelatedResource], [ResourceTypeId], [PricingTypeId]) VALUES (53, 43, N'حذف فرانشیز', 8, N'FranchiseRemovalId', N'InsurerTermsType', 2, 2)

INSERT [dbo].[InsuranceTermType] ([Id], [InsuranceFieldId], [TermCaption], [Order], [Field], [RelatedResource], [ResourceTypeId], [PricingTypeId]) VALUES (54, 44, N'نوسان قیمت', 9, N'MarketFluctuateCoverId', N'InsurerTermsType', 2, 2)

INSERT [dbo].[InsuranceTermType] ([Id], [InsuranceFieldId], [TermCaption], [Order], [Field], [RelatedResource], [ResourceTypeId], [PricingTypeId]) VALUES (55, 45, N'تخفیف عدم خسارت', 10, N'NoDamageDiscountId', N'InsurerTermsType', 2, 2)

INSERT [dbo].[InsuranceTermType] ([Id], [InsuranceFieldId], [TermCaption], [Order], [Field], [RelatedResource], [ResourceTypeId], [PricingTypeId]) VALUES (56, 46, N'تخفیف گروهی', 11, N'GroupDiscountId', N'InsurerTermsType', 2, 2)

INSERT [dbo].[InsuranceTermType] ([Id], [InsuranceFieldId], [TermCaption], [Order], [Field], [RelatedResource], [ResourceTypeId], [PricingTypeId]) VALUES (57, 47, N'تخفیف نقدی', 12, N'CashDiscountId', N'InsurerTermsType', 2, 2)

INSERT [dbo].[InsuranceTermType] ([Id], [InsuranceFieldId], [TermCaption], [Order], [Field], [RelatedResource], [ResourceTypeId], [PricingTypeId]) VALUES (58, 48, N'مالیات', 13, N'TaxId', N'InsurerTermsType', 2, 2)

INSERT [dbo].[InsuranceTermType] ([Id], [InsuranceFieldId], [TermCaption], [Order], [Field], [RelatedResource], [ResourceTypeId], [PricingTypeId]) VALUES (59, 49, N'تخفیف عدم خسارت بدنه', 1, N'BodyNoDamageDisountId', N'BodyNoDamageDiscountYear', 2, 2)



SET IDENTITY_INSERT [dbo].[InsuranceTermType] OFF




DELETE [dbo].[Enumeration]



SET IDENTITY_INSERT [dbo].[Enumeration] ON 

INSERT [dbo].[Enumeration] ([Id], [ParentId], [CategoryName], [CategoryCaption], [EnumId], [EnumCaption], [Order], [IsEnable], [Description], [CreatedBy], [CreatedAt], [UpdatedBy], [UpdatedAt]) VALUES (1, NULL, N'DamageToLife', N'خسارت جانی', 1, N'فاقد خسارت جانی', 1, 1, NULL, NULL, CAST(N'2021-08-29T23:58:03.9200000' AS DateTime2), NULL, CAST(N'2021-08-29T23:58:03.9200000' AS DateTime2))
INSERT [dbo].[Enumeration] ([Id], [ParentId], [CategoryName], [CategoryCaption], [EnumId], [EnumCaption], [Order], [IsEnable], [Description], [CreatedBy], [CreatedAt], [UpdatedBy], [UpdatedAt]) VALUES (4, NULL, N'DamageToLife', N'خسارت جانی', 2, N'یک بار خسارت جانی', 1, 1, NULL, NULL, CAST(N'2021-08-29T23:58:29.4066667' AS DateTime2), NULL, CAST(N'2021-08-29T23:58:29.4066667' AS DateTime2))
INSERT [dbo].[Enumeration] ([Id], [ParentId], [CategoryName], [CategoryCaption], [EnumId], [EnumCaption], [Order], [IsEnable], [Description], [CreatedBy], [CreatedAt], [UpdatedBy], [UpdatedAt]) VALUES (5, NULL, N'DamageToLife', N'خسارت جانی', 3, N'دوبار خسارت جانی', 1, 1, NULL, NULL, CAST(N'2021-08-29T23:58:41.7500000' AS DateTime2), NULL, CAST(N'2021-08-29T23:58:41.7500000' AS DateTime2))
INSERT [dbo].[Enumeration] ([Id], [ParentId], [CategoryName], [CategoryCaption], [EnumId], [EnumCaption], [Order], [IsEnable], [Description], [CreatedBy], [CreatedAt], [UpdatedBy], [UpdatedAt]) VALUES (6, NULL, N'DamageToLife', N'خسارت جانی', 4, N'سه بار خسارت جانی و بیشتر', 1, 1, NULL, NULL, CAST(N'2021-08-29T23:58:52.1500000' AS DateTime2), NULL, CAST(N'2021-08-29T23:58:52.1500000' AS DateTime2))
INSERT [dbo].[Enumeration] ([Id], [ParentId], [CategoryName], [CategoryCaption], [EnumId], [EnumCaption], [Order], [IsEnable], [Description], [CreatedBy], [CreatedAt], [UpdatedBy], [UpdatedAt]) VALUES (7, NULL, N'PersonRelation', N'نسبت شخص', 1, N'پدر', 2, 1, NULL, NULL, CAST(N'2021-09-07T23:34:38.2900000' AS DateTime2), NULL, CAST(N'2021-09-07T23:34:38.2900000' AS DateTime2))
INSERT [dbo].[Enumeration] ([Id], [ParentId], [CategoryName], [CategoryCaption], [EnumId], [EnumCaption], [Order], [IsEnable], [Description], [CreatedBy], [CreatedAt], [UpdatedBy], [UpdatedAt]) VALUES (9, NULL, N'PersonRelation', N'نسبت شخص', 2, N'مادر', 2, 1, NULL, NULL, CAST(N'2021-09-07T23:35:11.6000000' AS DateTime2), NULL, CAST(N'2021-09-07T23:35:11.6000000' AS DateTime2))
INSERT [dbo].[Enumeration] ([Id], [ParentId], [CategoryName], [CategoryCaption], [EnumId], [EnumCaption], [Order], [IsEnable], [Description], [CreatedBy], [CreatedAt], [UpdatedBy], [UpdatedAt]) VALUES (10, NULL, N'PersonRelation', N'نسبت شخص', 3, N'خواهر', 2, 1, NULL, NULL, CAST(N'2021-09-07T23:35:29.9333333' AS DateTime2), NULL, CAST(N'2021-09-07T23:35:29.9333333' AS DateTime2))
INSERT [dbo].[Enumeration] ([Id], [ParentId], [CategoryName], [CategoryCaption], [EnumId], [EnumCaption], [Order], [IsEnable], [Description], [CreatedBy], [CreatedAt], [UpdatedBy], [UpdatedAt]) VALUES (11, NULL, N'PersonRelation', N'نسبت شخص', 4, N'برادر', 2, 1, NULL, NULL, CAST(N'2021-09-07T23:35:51.0366667' AS DateTime2), NULL, CAST(N'2021-09-07T23:35:51.0366667' AS DateTime2))
INSERT [dbo].[Enumeration] ([Id], [ParentId], [CategoryName], [CategoryCaption], [EnumId], [EnumCaption], [Order], [IsEnable], [Description], [CreatedBy], [CreatedAt], [UpdatedBy], [UpdatedAt]) VALUES (12, NULL, N'PersonRelation', N'نسبت شخص', 5, N'فرزند', 2, 1, NULL, NULL, CAST(N'2021-09-07T23:36:08.3100000' AS DateTime2), NULL, CAST(N'2021-09-07T23:36:08.3100000' AS DateTime2))
INSERT [dbo].[Enumeration] ([Id], [ParentId], [CategoryName], [CategoryCaption], [EnumId], [EnumCaption], [Order], [IsEnable], [Description], [CreatedBy], [CreatedAt], [UpdatedBy], [UpdatedAt]) VALUES (13, NULL, N'Place', N'مکان', 1, N'خانه', 3, 1, NULL, NULL, CAST(N'2021-09-07T23:41:02.5900000' AS DateTime2), NULL, CAST(N'2021-09-07T23:41:02.5900000' AS DateTime2))
INSERT [dbo].[Enumeration] ([Id], [ParentId], [CategoryName], [CategoryCaption], [EnumId], [EnumCaption], [Order], [IsEnable], [Description], [CreatedBy], [CreatedAt], [UpdatedBy], [UpdatedAt]) VALUES (14, NULL, N'Place', N'مکان', 2, N'شرکت', 3, 1, NULL, NULL, CAST(N'2021-09-07T23:41:18.5100000' AS DateTime2), NULL, CAST(N'2021-09-07T23:41:18.5100000' AS DateTime2))
INSERT [dbo].[Enumeration] ([Id], [ParentId], [CategoryName], [CategoryCaption], [EnumId], [EnumCaption], [Order], [IsEnable], [Description], [CreatedBy], [CreatedAt], [UpdatedBy], [UpdatedAt]) VALUES (15, NULL, N'FinancialDamage', N'خسارت مالی', 1, N'فاقد خسارت مالی', 1, 1, NULL, NULL, CAST(N'2021-09-12T15:18:50.9233333' AS DateTime2), NULL, CAST(N'2021-09-12T15:18:50.9233333' AS DateTime2))
INSERT [dbo].[Enumeration] ([Id], [ParentId], [CategoryName], [CategoryCaption], [EnumId], [EnumCaption], [Order], [IsEnable], [Description], [CreatedBy], [CreatedAt], [UpdatedBy], [UpdatedAt]) VALUES (16, NULL, N'FinancialDamage', N'خسارت مالی', 2, N'یک بار خسارت مالی', 2, 1, NULL, NULL, CAST(N'2021-09-12T15:19:08.3766667' AS DateTime2), NULL, CAST(N'2021-09-12T15:19:08.3766667' AS DateTime2))
INSERT [dbo].[Enumeration] ([Id], [ParentId], [CategoryName], [CategoryCaption], [EnumId], [EnumCaption], [Order], [IsEnable], [Description], [CreatedBy], [CreatedAt], [UpdatedBy], [UpdatedAt]) VALUES (17, NULL, N'FinancialDamage', N'خسارت مالی', 3, N'دوبار خسارت مالی', 3, 1, NULL, NULL, CAST(N'2021-09-12T15:19:08.3766667' AS DateTime2), NULL, CAST(N'2021-09-12T15:19:08.3766667' AS DateTime2))
INSERT [dbo].[Enumeration] ([Id], [ParentId], [CategoryName], [CategoryCaption], [EnumId], [EnumCaption], [Order], [IsEnable], [Description], [CreatedBy], [CreatedAt], [UpdatedBy], [UpdatedAt]) VALUES (18, NULL, N'FinancialDamage', N'خسارت مالی', 4, N'سه بار خسارت مالی و بیشتر', 4, 1, NULL, NULL, CAST(N'2021-09-12T15:19:08.3766667' AS DateTime2), NULL, CAST(N'2021-09-12T15:19:08.3766667' AS DateTime2))
INSERT [dbo].[Enumeration] ([Id], [ParentId], [CategoryName], [CategoryCaption], [EnumId], [EnumCaption], [Order], [IsEnable], [Description], [CreatedBy], [CreatedAt], [UpdatedBy], [UpdatedAt]) VALUES (19, NULL, N'DriverDamage', N'حوادث راننده', 1, N'فاقد خسارت حوادث راننده', 1, 1, NULL, NULL, CAST(N'2021-09-12T15:21:33.4700000' AS DateTime2), NULL, CAST(N'2021-09-12T15:21:33.4700000' AS DateTime2))
INSERT [dbo].[Enumeration] ([Id], [ParentId], [CategoryName], [CategoryCaption], [EnumId], [EnumCaption], [Order], [IsEnable], [Description], [CreatedBy], [CreatedAt], [UpdatedBy], [UpdatedAt]) VALUES (20, NULL, N'DriverDamage', N'حوادث راننده', 2, N'یک بار خسارت حوادث راننده', 2, 1, NULL, NULL, CAST(N'2021-09-12T15:21:33.4700000' AS DateTime2), NULL, CAST(N'2021-09-12T15:21:33.4700000' AS DateTime2))
INSERT [dbo].[Enumeration] ([Id], [ParentId], [CategoryName], [CategoryCaption], [EnumId], [EnumCaption], [Order], [IsEnable], [Description], [CreatedBy], [CreatedAt], [UpdatedBy], [UpdatedAt]) VALUES (21, NULL, N'DriverDamage', N'حوادث راننده', 3, N'دوبار خسارت حوادث راننده', 3, 1, NULL, NULL, CAST(N'2021-09-12T15:21:33.4700000' AS DateTime2), NULL, CAST(N'2021-09-12T15:21:33.4700000' AS DateTime2))
INSERT [dbo].[Enumeration] ([Id], [ParentId], [CategoryName], [CategoryCaption], [EnumId], [EnumCaption], [Order], [IsEnable], [Description], [CreatedBy], [CreatedAt], [UpdatedBy], [UpdatedAt]) VALUES (22, NULL, N'DriverDamage', N'حوادث راننده', 4, N'سه بار خسارت حوادث راننده و بیشتر', 4, 1, NULL, NULL, CAST(N'2021-09-12T15:21:33.4700000' AS DateTime2), NULL, CAST(N'2021-09-12T15:21:33.4700000' AS DateTime2))
INSERT [dbo].[Enumeration] ([Id], [ParentId], [CategoryName], [CategoryCaption], [EnumId], [EnumCaption], [Order], [IsEnable], [Description], [CreatedBy], [CreatedAt], [UpdatedBy], [UpdatedAt]) VALUES (23, NULL, N'ThirdDiscount', N'تخفیف شخص ثالث', 1, N'0', 1, 1, NULL, NULL, CAST(N'2021-09-12T15:45:22.5966667' AS DateTime2), NULL, CAST(N'2021-09-12T15:45:22.5966667' AS DateTime2))
INSERT [dbo].[Enumeration] ([Id], [ParentId], [CategoryName], [CategoryCaption], [EnumId], [EnumCaption], [Order], [IsEnable], [Description], [CreatedBy], [CreatedAt], [UpdatedBy], [UpdatedAt]) VALUES (24, NULL, N'ThirdDiscount', N'تخفیف شخص ثالث', 2, N'5', 2, 1, NULL, NULL, CAST(N'2021-09-12T15:45:37.0400000' AS DateTime2), NULL, CAST(N'2021-09-12T15:45:37.0400000' AS DateTime2))
INSERT [dbo].[Enumeration] ([Id], [ParentId], [CategoryName], [CategoryCaption], [EnumId], [EnumCaption], [Order], [IsEnable], [Description], [CreatedBy], [CreatedAt], [UpdatedBy], [UpdatedAt]) VALUES (25, NULL, N'ThirdDiscount', N'تخفیف شخص ثالث', 3, N'10', 3, 1, NULL, NULL, CAST(N'2021-09-12T15:45:42.0500000' AS DateTime2), NULL, CAST(N'2021-09-12T15:45:42.0500000' AS DateTime2))
INSERT [dbo].[Enumeration] ([Id], [ParentId], [CategoryName], [CategoryCaption], [EnumId], [EnumCaption], [Order], [IsEnable], [Description], [CreatedBy], [CreatedAt], [UpdatedBy], [UpdatedAt]) VALUES (26, NULL, N'ThirdDiscount', N'تخفیف شخص ثالث', 4, N'15', 4, 1, NULL, NULL, CAST(N'2021-09-12T15:45:44.5600000' AS DateTime2), NULL, CAST(N'2021-09-12T15:45:44.5600000' AS DateTime2))
INSERT [dbo].[Enumeration] ([Id], [ParentId], [CategoryName], [CategoryCaption], [EnumId], [EnumCaption], [Order], [IsEnable], [Description], [CreatedBy], [CreatedAt], [UpdatedBy], [UpdatedAt]) VALUES (27, NULL, N'ThirdDiscount', N'تخفیف شخص ثالث', 5, N'20', 5, 1, NULL, NULL, CAST(N'2021-09-12T15:45:48.8866667' AS DateTime2), NULL, CAST(N'2021-09-12T15:45:48.8866667' AS DateTime2))
INSERT [dbo].[Enumeration] ([Id], [ParentId], [CategoryName], [CategoryCaption], [EnumId], [EnumCaption], [Order], [IsEnable], [Description], [CreatedBy], [CreatedAt], [UpdatedBy], [UpdatedAt]) VALUES (28, NULL, N'ThirdDiscount', N'تخفیف شخص ثالث', 6, N'25', 6, 1, NULL, NULL, CAST(N'2021-09-12T15:45:52.4700000' AS DateTime2), NULL, CAST(N'2021-09-12T15:45:52.4700000' AS DateTime2))
INSERT [dbo].[Enumeration] ([Id], [ParentId], [CategoryName], [CategoryCaption], [EnumId], [EnumCaption], [Order], [IsEnable], [Description], [CreatedBy], [CreatedAt], [UpdatedBy], [UpdatedAt]) VALUES (29, NULL, N'ThirdDiscount', N'تخفیف شخص ثالث', 7, N'30', 7, 1, NULL, NULL, CAST(N'2021-09-12T15:45:55.1233333' AS DateTime2), NULL, CAST(N'2021-09-12T15:45:55.1233333' AS DateTime2))
INSERT [dbo].[Enumeration] ([Id], [ParentId], [CategoryName], [CategoryCaption], [EnumId], [EnumCaption], [Order], [IsEnable], [Description], [CreatedBy], [CreatedAt], [UpdatedBy], [UpdatedAt]) VALUES (30, NULL, N'ThirdDiscount', N'تخفیف شخص ثالث', 8, N'35', 8, 1, NULL, NULL, CAST(N'2021-09-12T15:46:00.7100000' AS DateTime2), NULL, CAST(N'2021-09-12T15:46:00.7100000' AS DateTime2))
INSERT [dbo].[Enumeration] ([Id], [ParentId], [CategoryName], [CategoryCaption], [EnumId], [EnumCaption], [Order], [IsEnable], [Description], [CreatedBy], [CreatedAt], [UpdatedBy], [UpdatedAt]) VALUES (31, NULL, N'ThirdDiscount', N'تخفیف شخص ثالث', 9, N'40', 9, 1, NULL, NULL, CAST(N'2021-09-12T15:46:04.5900000' AS DateTime2), NULL, CAST(N'2021-09-12T15:46:04.5900000' AS DateTime2))
INSERT [dbo].[Enumeration] ([Id], [ParentId], [CategoryName], [CategoryCaption], [EnumId], [EnumCaption], [Order], [IsEnable], [Description], [CreatedBy], [CreatedAt], [UpdatedBy], [UpdatedAt]) VALUES (32, NULL, N'ThirdDiscount', N'تخفیف شخص ثالث', 10, N'45', 10, 1, NULL, NULL, CAST(N'2021-09-12T15:46:06.9300000' AS DateTime2), NULL, CAST(N'2021-09-12T15:46:06.9300000' AS DateTime2))
INSERT [dbo].[Enumeration] ([Id], [ParentId], [CategoryName], [CategoryCaption], [EnumId], [EnumCaption], [Order], [IsEnable], [Description], [CreatedBy], [CreatedAt], [UpdatedBy], [UpdatedAt]) VALUES (33, NULL, N'ThirdDiscount', N'تخفیف شخص ثالث', 11, N'50', 11, 1, NULL, NULL, CAST(N'2021-09-12T15:46:09.6133333' AS DateTime2), NULL, CAST(N'2021-09-12T15:46:09.6133333' AS DateTime2))
INSERT [dbo].[Enumeration] ([Id], [ParentId], [CategoryName], [CategoryCaption], [EnumId], [EnumCaption], [Order], [IsEnable], [Description], [CreatedBy], [CreatedAt], [UpdatedBy], [UpdatedAt]) VALUES (34, NULL, N'ThirdDiscount', N'تخفیف شخص ثالث', 12, N'55', 12, 1, NULL, NULL, CAST(N'2021-09-12T15:46:11.7066667' AS DateTime2), NULL, CAST(N'2021-09-12T15:46:11.7066667' AS DateTime2))
INSERT [dbo].[Enumeration] ([Id], [ParentId], [CategoryName], [CategoryCaption], [EnumId], [EnumCaption], [Order], [IsEnable], [Description], [CreatedBy], [CreatedAt], [UpdatedBy], [UpdatedAt]) VALUES (35, NULL, N'ThirdDiscount', N'تخفیف شخص ثالث', 13, N'60', 13, 1, NULL, NULL, CAST(N'2021-09-12T15:46:13.6866667' AS DateTime2), NULL, CAST(N'2021-09-12T15:46:13.6866667' AS DateTime2))
INSERT [dbo].[Enumeration] ([Id], [ParentId], [CategoryName], [CategoryCaption], [EnumId], [EnumCaption], [Order], [IsEnable], [Description], [CreatedBy], [CreatedAt], [UpdatedBy], [UpdatedAt]) VALUES (36, NULL, N'ThirdDiscount', N'تخفیف شخص ثالث', 14, N'65', 14, 1, NULL, NULL, CAST(N'2021-09-12T15:46:15.5933333' AS DateTime2), NULL, CAST(N'2021-09-12T15:46:15.5933333' AS DateTime2))
INSERT [dbo].[Enumeration] ([Id], [ParentId], [CategoryName], [CategoryCaption], [EnumId], [EnumCaption], [Order], [IsEnable], [Description], [CreatedBy], [CreatedAt], [UpdatedBy], [UpdatedAt]) VALUES (37, NULL, N'ThirdDiscount', N'تخفیف شخص ثالث', 15, N'70', 15, 1, NULL, NULL, CAST(N'2021-09-12T15:46:17.8500000' AS DateTime2), NULL, CAST(N'2021-09-12T15:46:17.8500000' AS DateTime2))
INSERT [dbo].[Enumeration] ([Id], [ParentId], [CategoryName], [CategoryCaption], [EnumId], [EnumCaption], [Order], [IsEnable], [Description], [CreatedBy], [CreatedAt], [UpdatedBy], [UpdatedAt]) VALUES (38, NULL, N'DriverDiscount', N'تخفیف حوادث راننده', 1, N'0', 1, 1, NULL, NULL, CAST(N'2021-09-12T15:48:27.8033333' AS DateTime2), NULL, CAST(N'2021-09-12T15:48:27.8033333' AS DateTime2))
INSERT [dbo].[Enumeration] ([Id], [ParentId], [CategoryName], [CategoryCaption], [EnumId], [EnumCaption], [Order], [IsEnable], [Description], [CreatedBy], [CreatedAt], [UpdatedBy], [UpdatedAt]) VALUES (39, NULL, N'DriverDiscount', N'تخفیف حوادث راننده', 2, N'5', 2, 1, NULL, NULL, CAST(N'2021-09-12T15:48:28.1066667' AS DateTime2), NULL, CAST(N'2021-09-12T15:48:28.1066667' AS DateTime2))
INSERT [dbo].[Enumeration] ([Id], [ParentId], [CategoryName], [CategoryCaption], [EnumId], [EnumCaption], [Order], [IsEnable], [Description], [CreatedBy], [CreatedAt], [UpdatedBy], [UpdatedAt]) VALUES (40, NULL, N'DriverDiscount', N'تخفیف حوادث راننده', 3, N'10', 3, 1, NULL, NULL, CAST(N'2021-09-12T15:48:28.1466667' AS DateTime2), NULL, CAST(N'2021-09-12T15:48:28.1466667' AS DateTime2))
INSERT [dbo].[Enumeration] ([Id], [ParentId], [CategoryName], [CategoryCaption], [EnumId], [EnumCaption], [Order], [IsEnable], [Description], [CreatedBy], [CreatedAt], [UpdatedBy], [UpdatedAt]) VALUES (41, NULL, N'DriverDiscount', N'تخفیف حوادث راننده', 4, N'15', 4, 1, NULL, NULL, CAST(N'2021-09-12T15:48:28.2066667' AS DateTime2), NULL, CAST(N'2021-09-12T15:48:28.2066667' AS DateTime2))
INSERT [dbo].[Enumeration] ([Id], [ParentId], [CategoryName], [CategoryCaption], [EnumId], [EnumCaption], [Order], [IsEnable], [Description], [CreatedBy], [CreatedAt], [UpdatedBy], [UpdatedAt]) VALUES (42, NULL, N'DriverDiscount', N'تخفیف حوادث راننده', 5, N'20', 5, 1, NULL, NULL, CAST(N'2021-09-12T15:48:28.5466667' AS DateTime2), NULL, CAST(N'2021-09-12T15:48:28.5466667' AS DateTime2))
INSERT [dbo].[Enumeration] ([Id], [ParentId], [CategoryName], [CategoryCaption], [EnumId], [EnumCaption], [Order], [IsEnable], [Description], [CreatedBy], [CreatedAt], [UpdatedBy], [UpdatedAt]) VALUES (43, NULL, N'DriverDiscount', N'تخفیف حوادث راننده', 6, N'25', 6, 1, NULL, NULL, CAST(N'2021-09-12T15:48:28.5966667' AS DateTime2), NULL, CAST(N'2021-09-12T15:48:28.5966667' AS DateTime2))
INSERT [dbo].[Enumeration] ([Id], [ParentId], [CategoryName], [CategoryCaption], [EnumId], [EnumCaption], [Order], [IsEnable], [Description], [CreatedBy], [CreatedAt], [UpdatedBy], [UpdatedAt]) VALUES (44, NULL, N'DriverDiscount', N'تخفیف حوادث راننده', 7, N'30', 7, 1, NULL, NULL, CAST(N'2021-09-12T15:48:28.6466667' AS DateTime2), NULL, CAST(N'2021-09-12T15:48:28.6466667' AS DateTime2))
INSERT [dbo].[Enumeration] ([Id], [ParentId], [CategoryName], [CategoryCaption], [EnumId], [EnumCaption], [Order], [IsEnable], [Description], [CreatedBy], [CreatedAt], [UpdatedBy], [UpdatedAt]) VALUES (45, NULL, N'DriverDiscount', N'تخفیف حوادث راننده', 8, N'35', 8, 1, NULL, NULL, CAST(N'2021-09-12T15:48:28.7166667' AS DateTime2), NULL, CAST(N'2021-09-12T15:48:28.7166667' AS DateTime2))
INSERT [dbo].[Enumeration] ([Id], [ParentId], [CategoryName], [CategoryCaption], [EnumId], [EnumCaption], [Order], [IsEnable], [Description], [CreatedBy], [CreatedAt], [UpdatedBy], [UpdatedAt]) VALUES (46, NULL, N'DriverDiscount', N'تخفیف حوادث راننده', 9, N'40', 9, 1, NULL, NULL, CAST(N'2021-09-12T15:48:28.7666667' AS DateTime2), NULL, CAST(N'2021-09-12T15:48:28.7666667' AS DateTime2))
INSERT [dbo].[Enumeration] ([Id], [ParentId], [CategoryName], [CategoryCaption], [EnumId], [EnumCaption], [Order], [IsEnable], [Description], [CreatedBy], [CreatedAt], [UpdatedBy], [UpdatedAt]) VALUES (47, NULL, N'DriverDiscount', N'تخفیف حوادث راننده', 10, N'45', 10, 1, NULL, NULL, CAST(N'2021-09-12T15:48:28.8266667' AS DateTime2), NULL, CAST(N'2021-09-12T15:48:28.8266667' AS DateTime2))
INSERT [dbo].[Enumeration] ([Id], [ParentId], [CategoryName], [CategoryCaption], [EnumId], [EnumCaption], [Order], [IsEnable], [Description], [CreatedBy], [CreatedAt], [UpdatedBy], [UpdatedAt]) VALUES (48, NULL, N'DriverDiscount', N'تخفیف حوادث راننده', 11, N'50', 11, 1, NULL, NULL, CAST(N'2021-09-12T15:48:28.8866667' AS DateTime2), NULL, CAST(N'2021-09-12T15:48:28.8866667' AS DateTime2))
INSERT [dbo].[Enumeration] ([Id], [ParentId], [CategoryName], [CategoryCaption], [EnumId], [EnumCaption], [Order], [IsEnable], [Description], [CreatedBy], [CreatedAt], [UpdatedBy], [UpdatedAt]) VALUES (49, NULL, N'DriverDiscount', N'تخفیف حوادث راننده', 12, N'55', 12, 1, NULL, NULL, CAST(N'2021-09-12T15:48:28.9533333' AS DateTime2), NULL, CAST(N'2021-09-12T15:48:28.9533333' AS DateTime2))
INSERT [dbo].[Enumeration] ([Id], [ParentId], [CategoryName], [CategoryCaption], [EnumId], [EnumCaption], [Order], [IsEnable], [Description], [CreatedBy], [CreatedAt], [UpdatedBy], [UpdatedAt]) VALUES (50, NULL, N'DriverDiscount', N'تخفیف حوادث راننده', 13, N'60', 13, 1, NULL, NULL, CAST(N'2021-09-12T15:48:29.0066667' AS DateTime2), NULL, CAST(N'2021-09-12T15:48:29.0066667' AS DateTime2))
INSERT [dbo].[Enumeration] ([Id], [ParentId], [CategoryName], [CategoryCaption], [EnumId], [EnumCaption], [Order], [IsEnable], [Description], [CreatedBy], [CreatedAt], [UpdatedBy], [UpdatedAt]) VALUES (51, NULL, N'DriverDiscount', N'تخفیف حوادث راننده', 14, N'65', 14, 1, NULL, NULL, CAST(N'2021-09-12T15:48:29.3300000' AS DateTime2), NULL, CAST(N'2021-09-12T15:48:29.3300000' AS DateTime2))
INSERT [dbo].[Enumeration] ([Id], [ParentId], [CategoryName], [CategoryCaption], [EnumId], [EnumCaption], [Order], [IsEnable], [Description], [CreatedBy], [CreatedAt], [UpdatedBy], [UpdatedAt]) VALUES (52, NULL, N'DriverDiscount', N'تخفیف حوادث راننده', 15, N'70', 15, 1, NULL, NULL, CAST(N'2021-09-12T15:48:29.5000000' AS DateTime2), NULL, CAST(N'2021-09-12T15:48:29.5000000' AS DateTime2))
INSERT [dbo].[Enumeration] ([Id], [ParentId], [CategoryName], [CategoryCaption], [EnumId], [EnumCaption], [Order], [IsEnable], [Description], [CreatedBy], [CreatedAt], [UpdatedBy], [UpdatedAt]) VALUES (53, NULL, N'NoBodyDamageDiscount', N'تخفیف بیمه بدنه', 1, N'0', 1, 1, NULL, NULL, CAST(N'2021-09-15T00:39:54.9533333' AS DateTime2), NULL, CAST(N'2021-09-15T00:39:54.9533333' AS DateTime2))
INSERT [dbo].[Enumeration] ([Id], [ParentId], [CategoryName], [CategoryCaption], [EnumId], [EnumCaption], [Order], [IsEnable], [Description], [CreatedBy], [CreatedAt], [UpdatedBy], [UpdatedAt]) VALUES (55, NULL, N'NoBodyDamageDiscount', N'تخفیف بیمه بدنه', 2, N'5', 2, 1, NULL, NULL, CAST(N'2021-09-15T00:40:12.3333333' AS DateTime2), NULL, CAST(N'2021-09-15T00:40:12.3333333' AS DateTime2))
INSERT [dbo].[Enumeration] ([Id], [ParentId], [CategoryName], [CategoryCaption], [EnumId], [EnumCaption], [Order], [IsEnable], [Description], [CreatedBy], [CreatedAt], [UpdatedBy], [UpdatedAt]) VALUES (56, NULL, N'NoBodyDamageDiscount', N'تخفیف بیمه بدنه', 3, N'10', 3, 1, NULL, NULL, CAST(N'2021-09-15T00:44:40.2400000' AS DateTime2), NULL, CAST(N'2021-09-15T00:44:40.2400000' AS DateTime2))
INSERT [dbo].[Enumeration] ([Id], [ParentId], [CategoryName], [CategoryCaption], [EnumId], [EnumCaption], [Order], [IsEnable], [Description], [CreatedBy], [CreatedAt], [UpdatedBy], [UpdatedAt]) VALUES (57, NULL, N'NoBodyDamageDiscount', N'تخفیف بیمه بدنه', 4, N'15', 4, 1, NULL, NULL, CAST(N'2021-09-15T00:44:40.2400000' AS DateTime2), NULL, CAST(N'2021-09-15T00:44:40.2400000' AS DateTime2))
INSERT [dbo].[Enumeration] ([Id], [ParentId], [CategoryName], [CategoryCaption], [EnumId], [EnumCaption], [Order], [IsEnable], [Description], [CreatedBy], [CreatedAt], [UpdatedBy], [UpdatedAt]) VALUES (58, NULL, N'NoBodyDamageDiscount', N'تخفیف بیمه بدنه', 5, N'20', 5, 1, NULL, NULL, CAST(N'2021-09-15T00:44:40.2400000' AS DateTime2), NULL, CAST(N'2021-09-15T00:44:40.2400000' AS DateTime2))
INSERT [dbo].[Enumeration] ([Id], [ParentId], [CategoryName], [CategoryCaption], [EnumId], [EnumCaption], [Order], [IsEnable], [Description], [CreatedBy], [CreatedAt], [UpdatedBy], [UpdatedAt]) VALUES (59, NULL, N'NoBodyDamageDiscount', N'تخفیف بیمه بدنه', 6, N'25', 6, 1, NULL, NULL, CAST(N'2021-09-15T00:44:40.2400000' AS DateTime2), NULL, CAST(N'2021-09-15T00:44:40.2400000' AS DateTime2))
INSERT [dbo].[Enumeration] ([Id], [ParentId], [CategoryName], [CategoryCaption], [EnumId], [EnumCaption], [Order], [IsEnable], [Description], [CreatedBy], [CreatedAt], [UpdatedBy], [UpdatedAt]) VALUES (60, NULL, N'NoBodyDamageDiscount', N'تخفیف بیمه بدنه', 7, N'30', 7, 1, NULL, NULL, CAST(N'2021-09-15T00:44:40.2400000' AS DateTime2), NULL, CAST(N'2021-09-15T00:44:40.2400000' AS DateTime2))
INSERT [dbo].[Enumeration] ([Id], [ParentId], [CategoryName], [CategoryCaption], [EnumId], [EnumCaption], [Order], [IsEnable], [Description], [CreatedBy], [CreatedAt], [UpdatedBy], [UpdatedAt]) VALUES (61, NULL, N'NoBodyDamageDiscount', N'تخفیف بیمه بدنه', 8, N'35', 8, 1, NULL, NULL, CAST(N'2021-09-15T00:44:40.2400000' AS DateTime2), NULL, CAST(N'2021-09-15T00:44:40.2400000' AS DateTime2))
INSERT [dbo].[Enumeration] ([Id], [ParentId], [CategoryName], [CategoryCaption], [EnumId], [EnumCaption], [Order], [IsEnable], [Description], [CreatedBy], [CreatedAt], [UpdatedBy], [UpdatedAt]) VALUES (62, NULL, N'NoBodyDamageDiscount', N'تخفیف بیمه بدنه', 9, N'40', 9, 1, NULL, NULL, CAST(N'2021-09-15T00:44:40.2400000' AS DateTime2), NULL, CAST(N'2021-09-15T00:44:40.2400000' AS DateTime2))
INSERT [dbo].[Enumeration] ([Id], [ParentId], [CategoryName], [CategoryCaption], [EnumId], [EnumCaption], [Order], [IsEnable], [Description], [CreatedBy], [CreatedAt], [UpdatedBy], [UpdatedAt]) VALUES (63, NULL, N'NoBodyDamageDiscount', N'تخفیف بیمه بدنه', 10, N'45', 10, 1, NULL, NULL, CAST(N'2021-09-15T00:44:40.2400000' AS DateTime2), NULL, CAST(N'2021-09-15T00:44:40.2400000' AS DateTime2))
INSERT [dbo].[Enumeration] ([Id], [ParentId], [CategoryName], [CategoryCaption], [EnumId], [EnumCaption], [Order], [IsEnable], [Description], [CreatedBy], [CreatedAt], [UpdatedBy], [UpdatedAt]) VALUES (64, NULL, N'NoBodyDamageDiscount', N'تخفیف بیمه بدنه', 11, N'50', 11, 1, NULL, NULL, CAST(N'2021-09-15T00:44:40.2400000' AS DateTime2), NULL, CAST(N'2021-09-15T00:44:40.2400000' AS DateTime2))
INSERT [dbo].[Enumeration] ([Id], [ParentId], [CategoryName], [CategoryCaption], [EnumId], [EnumCaption], [Order], [IsEnable], [Description], [CreatedBy], [CreatedAt], [UpdatedBy], [UpdatedAt]) VALUES (65, NULL, N'NoBodyDamageDiscount', N'تخفیف بیمه بدنه', 12, N'55', 12, 1, NULL, NULL, CAST(N'2021-09-15T00:44:40.2400000' AS DateTime2), NULL, CAST(N'2021-09-15T00:44:40.2400000' AS DateTime2))
INSERT [dbo].[Enumeration] ([Id], [ParentId], [CategoryName], [CategoryCaption], [EnumId], [EnumCaption], [Order], [IsEnable], [Description], [CreatedBy], [CreatedAt], [UpdatedBy], [UpdatedAt]) VALUES (66, NULL, N'NoBodyDamageDiscount', N'تخفیف بیمه بدنه', 13, N'60', 13, 1, NULL, NULL, CAST(N'2021-09-15T00:44:40.2400000' AS DateTime2), NULL, CAST(N'2021-09-15T00:44:40.2400000' AS DateTime2))
INSERT [dbo].[Enumeration] ([Id], [ParentId], [CategoryName], [CategoryCaption], [EnumId], [EnumCaption], [Order], [IsEnable], [Description], [CreatedBy], [CreatedAt], [UpdatedBy], [UpdatedAt]) VALUES (67, NULL, N'NoBodyDamageDiscount', N'تخفیف بیمه بدنه', 14, N'65', 14, 1, NULL, NULL, CAST(N'2021-09-15T00:44:40.2400000' AS DateTime2), NULL, CAST(N'2021-09-15T00:44:40.2400000' AS DateTime2))
INSERT [dbo].[Enumeration] ([Id], [ParentId], [CategoryName], [CategoryCaption], [EnumId], [EnumCaption], [Order], [IsEnable], [Description], [CreatedBy], [CreatedAt], [UpdatedBy], [UpdatedAt]) VALUES (68, NULL, N'NoBodyDamageDiscount', N'تخفیف بیمه بدنه', 15, N'70', 15, 1, NULL, NULL, CAST(N'2021-09-15T00:44:40.2400000' AS DateTime2), NULL, CAST(N'2021-09-15T00:44:40.2400000' AS DateTime2))
INSERT [dbo].[Enumeration] ([Id], [ParentId], [CategoryName], [CategoryCaption], [EnumId], [EnumCaption], [Order], [IsEnable], [Description], [CreatedBy], [CreatedAt], [UpdatedBy], [UpdatedAt]) VALUES (70, NULL, N'PriceFluctuatiuon', N'نوسان قیمت', 1, N'25', 1, 1, NULL, NULL, CAST(N'2021-09-21T23:15:02.1066667' AS DateTime2), NULL, CAST(N'2021-09-21T23:15:02.1066667' AS DateTime2))
INSERT [dbo].[Enumeration] ([Id], [ParentId], [CategoryName], [CategoryCaption], [EnumId], [EnumCaption], [Order], [IsEnable], [Description], [CreatedBy], [CreatedAt], [UpdatedBy], [UpdatedAt]) VALUES (71, NULL, N'PriceFluctuatiuon', N'نوسان قیمت', 2, N'50', 2, 1, NULL, NULL, CAST(N'2021-09-21T23:15:25.6800000' AS DateTime2), NULL, CAST(N'2021-09-21T23:15:25.6800000' AS DateTime2))
INSERT [dbo].[Enumeration] ([Id], [ParentId], [CategoryName], [CategoryCaption], [EnumId], [EnumCaption], [Order], [IsEnable], [Description], [CreatedBy], [CreatedAt], [UpdatedBy], [UpdatedAt]) VALUES (72, NULL, N'PriceFluctuatiuon', N'نوسان قیمت', 3, N'100', 3, 1, NULL, NULL, CAST(N'2021-09-21T23:15:36.5533333' AS DateTime2), NULL, CAST(N'2021-09-21T23:15:36.5533333' AS DateTime2))
INSERT [dbo].[Enumeration] ([Id], [ParentId], [CategoryName], [CategoryCaption], [EnumId], [EnumCaption], [Order], [IsEnable], [Description], [CreatedBy], [CreatedAt], [UpdatedBy], [UpdatedAt]) VALUES (77, NULL, N'InsurerTermsType', N'انواع قوانین بیمه گر', 4, N'شکست شیشه', 4, 1, NULL, NULL, CAST(N'2021-10-08T22:40:57.9200000' AS DateTime2), NULL, CAST(N'2021-10-08T22:40:57.9200000' AS DateTime2))
INSERT [dbo].[Enumeration] ([Id], [ParentId], [CategoryName], [CategoryCaption], [EnumId], [EnumCaption], [Order], [IsEnable], [Description], [CreatedBy], [CreatedAt], [UpdatedBy], [UpdatedAt]) VALUES (78, NULL, N'InsurerTermsType', N'انواع قوانین بیمه گر', 5, N'خسارت ناشی از پاشیده شدن اسید و مواد شیمیایی', 5, 1, NULL, NULL, CAST(N'2021-10-08T22:41:31.2566667' AS DateTime2), NULL, CAST(N'2021-10-08T22:41:31.2566667' AS DateTime2))
INSERT [dbo].[Enumeration] ([Id], [ParentId], [CategoryName], [CategoryCaption], [EnumId], [EnumCaption], [Order], [IsEnable], [Description], [CreatedBy], [CreatedAt], [UpdatedBy], [UpdatedAt]) VALUES (79, NULL, N'InsurerTermsType', N'انواع قوانین بیمه گر', 6, N'سرقت درجای قطعات درخواستی', 6, 1, NULL, NULL, CAST(N'2021-10-08T22:41:53.1200000' AS DateTime2), NULL, CAST(N'2021-10-08T22:41:53.1200000' AS DateTime2))
INSERT [dbo].[Enumeration] ([Id], [ParentId], [CategoryName], [CategoryCaption], [EnumId], [EnumCaption], [Order], [IsEnable], [Description], [CreatedBy], [CreatedAt], [UpdatedBy], [UpdatedAt]) VALUES (80, NULL, N'InsurerTermsType', N'انواع قوانین بیمه گر', 7, N'سرقت درجا (کلیه لوازم)', 7, 1, NULL, NULL, CAST(N'2021-10-08T22:42:15.5333333' AS DateTime2), NULL, CAST(N'2021-10-08T22:42:15.5333333' AS DateTime2))
INSERT [dbo].[Enumeration] ([Id], [ParentId], [CategoryName], [CategoryCaption], [EnumId], [EnumCaption], [Order], [IsEnable], [Description], [CreatedBy], [CreatedAt], [UpdatedBy], [UpdatedAt]) VALUES (81, NULL, N'InsurerTermsType', N'انواع قوانین بیمه گر', 8, N'حذف فرانشیز', 8, 1, NULL, NULL, CAST(N'2021-10-08T22:42:39.2900000' AS DateTime2), NULL, CAST(N'2021-10-08T22:42:39.2900000' AS DateTime2))
INSERT [dbo].[Enumeration] ([Id], [ParentId], [CategoryName], [CategoryCaption], [EnumId], [EnumCaption], [Order], [IsEnable], [Description], [CreatedBy], [CreatedAt], [UpdatedBy], [UpdatedAt]) VALUES (82, NULL, N'InsurerTermsType', N'انواع قوانین بیمه گر', 9, N'نوسان قیمت', 9, 1, NULL, NULL, CAST(N'2021-10-08T22:43:19.6300000' AS DateTime2), NULL, CAST(N'2021-10-08T22:43:19.6300000' AS DateTime2))
INSERT [dbo].[Enumeration] ([Id], [ParentId], [CategoryName], [CategoryCaption], [EnumId], [EnumCaption], [Order], [IsEnable], [Description], [CreatedBy], [CreatedAt], [UpdatedBy], [UpdatedAt]) VALUES (84, NULL, N'InsurerTermsType', N'انواع قوانین بیمه گر', 3, N'سیل، زلزله، آتشفشان', 3, 1, NULL, NULL, CAST(N'2021-10-08T23:04:03.2333333' AS DateTime2), NULL, CAST(N'2021-10-08T23:04:03.2333333' AS DateTime2))
INSERT [dbo].[Enumeration] ([Id], [ParentId], [CategoryName], [CategoryCaption], [EnumId], [EnumCaption], [Order], [IsEnable], [Description], [CreatedBy], [CreatedAt], [UpdatedBy], [UpdatedAt]) VALUES (85, NULL, N'InsurerTermsType', N'انواع قوانین بیمه گر', 1, N'مبلغ پایه', 1, 1, NULL, NULL, CAST(N'2021-10-11T23:32:06.8533333' AS DateTime2), NULL, CAST(N'2021-10-11T23:32:06.8533333' AS DateTime2))
INSERT [dbo].[Enumeration] ([Id], [ParentId], [CategoryName], [CategoryCaption], [EnumId], [EnumCaption], [Order], [IsEnable], [Description], [CreatedBy], [CreatedAt], [UpdatedBy], [UpdatedAt]) VALUES (86, NULL, N'InsurerTermsType', N'انواع قوانین بیمه گر', 10, N'تخفیف عدم خسارت', 10, 1, NULL, NULL, CAST(N'2021-10-11T23:34:58.0900000' AS DateTime2), NULL, CAST(N'2021-10-11T23:34:58.0900000' AS DateTime2))
INSERT [dbo].[Enumeration] ([Id], [ParentId], [CategoryName], [CategoryCaption], [EnumId], [EnumCaption], [Order], [IsEnable], [Description], [CreatedBy], [CreatedAt], [UpdatedBy], [UpdatedAt]) VALUES (87, NULL, N'InsurerTermsType', N'انواع قوانین بیمه گر', 12, N'تخفیف نقدی', 12, 1, NULL, NULL, CAST(N'2021-10-11T23:37:41.8000000' AS DateTime2), NULL, CAST(N'2021-10-11T23:37:41.8000000' AS DateTime2))
INSERT [dbo].[Enumeration] ([Id], [ParentId], [CategoryName], [CategoryCaption], [EnumId], [EnumCaption], [Order], [IsEnable], [Description], [CreatedBy], [CreatedAt], [UpdatedBy], [UpdatedAt]) VALUES (88, NULL, N'InsurerTermsType', N'انواع قوانین بیمه گر', 11, N'تخفیف گروهی', 11, 1, NULL, NULL, CAST(N'2021-10-11T23:42:54.6200000' AS DateTime2), NULL, CAST(N'2021-10-11T23:42:54.6200000' AS DateTime2))
INSERT [dbo].[Enumeration] ([Id], [ParentId], [CategoryName], [CategoryCaption], [EnumId], [EnumCaption], [Order], [IsEnable], [Description], [CreatedBy], [CreatedAt], [UpdatedBy], [UpdatedAt]) VALUES (89, NULL, N'InsurerTermsType', N'انواع قوانین بیمه گر', 13, N'مالیات', 13, 1, NULL, NULL, CAST(N'2021-10-11T23:43:17.9000000' AS DateTime2), NULL, CAST(N'2021-10-11T23:43:17.9000000' AS DateTime2))
INSERT [dbo].[Enumeration] ([Id], [ParentId], [CategoryName], [CategoryCaption], [EnumId], [EnumCaption], [Order], [IsEnable], [Description], [CreatedBy], [CreatedAt], [UpdatedBy], [UpdatedAt]) VALUES (90, NULL, N'BodyNoDamageDiscountYear', N'تخفیف عدم خسارت', 1, N'سال اول', 2, 1, NULL, NULL, CAST(N'2021-10-12T00:04:55.1700000' AS DateTime2), NULL, CAST(N'2021-10-12T00:04:55.1700000' AS DateTime2))
INSERT [dbo].[Enumeration] ([Id], [ParentId], [CategoryName], [CategoryCaption], [EnumId], [EnumCaption], [Order], [IsEnable], [Description], [CreatedBy], [CreatedAt], [UpdatedBy], [UpdatedAt]) VALUES (91, NULL, N'BodyNoDamageDiscountYear', N'تخفیف عدم خسارت', 2, N'سال دوم', 3, 1, NULL, NULL, CAST(N'2021-10-12T00:05:08.9200000' AS DateTime2), NULL, CAST(N'2021-10-12T00:05:08.9200000' AS DateTime2))
INSERT [dbo].[Enumeration] ([Id], [ParentId], [CategoryName], [CategoryCaption], [EnumId], [EnumCaption], [Order], [IsEnable], [Description], [CreatedBy], [CreatedAt], [UpdatedBy], [UpdatedAt]) VALUES (92, NULL, N'BodyNoDamageDiscountYear', N'تخفیف عدم خسارت', 3, N'سال سوم', 4, 1, NULL, NULL, CAST(N'2021-10-12T00:05:40.9200000' AS DateTime2), NULL, CAST(N'2021-10-12T00:05:40.9200000' AS DateTime2))
INSERT [dbo].[Enumeration] ([Id], [ParentId], [CategoryName], [CategoryCaption], [EnumId], [EnumCaption], [Order], [IsEnable], [Description], [CreatedBy], [CreatedAt], [UpdatedBy], [UpdatedAt]) VALUES (93, NULL, N'BodyNoDamageDiscountYear', N'تخفیف عدم خسارت', 4, N'سال چهارم', 5, 1, NULL, NULL, CAST(N'2021-10-12T00:05:56.9133333' AS DateTime2), NULL, CAST(N'2021-10-12T00:05:56.9133333' AS DateTime2))
INSERT [dbo].[Enumeration] ([Id], [ParentId], [CategoryName], [CategoryCaption], [EnumId], [EnumCaption], [Order], [IsEnable], [Description], [CreatedBy], [CreatedAt], [UpdatedBy], [UpdatedAt]) VALUES (94, NULL, N'BodyNoDamageDiscountYear', N'تخفیف عدم خسارت', 5, N'پنج سال', 6, 1, NULL, NULL, CAST(N'2021-10-12T00:05:56.9133333' AS DateTime2), NULL, CAST(N'2021-10-12T00:05:56.9133333' AS DateTime2))
INSERT [dbo].[Enumeration] ([Id], [ParentId], [CategoryName], [CategoryCaption], [EnumId], [EnumCaption], [Order], [IsEnable], [Description], [CreatedBy], [CreatedAt], [UpdatedBy], [UpdatedAt]) VALUES (95, NULL, N'BodyNoDamageDiscountYear', N'تخفیف عدم خسارت', 6, N'شش سال', 7, 1, NULL, NULL, CAST(N'2021-10-12T00:05:56.9133333' AS DateTime2), NULL, CAST(N'2021-10-12T00:05:56.9133333' AS DateTime2))
INSERT [dbo].[Enumeration] ([Id], [ParentId], [CategoryName], [CategoryCaption], [EnumId], [EnumCaption], [Order], [IsEnable], [Description], [CreatedBy], [CreatedAt], [UpdatedBy], [UpdatedAt]) VALUES (96, NULL, N'BodyNoDamageDiscountYear', N'تخفیف عدم خسارت', 7, N'هفت سال', 8, 1, NULL, NULL, CAST(N'2021-10-12T00:05:56.9133333' AS DateTime2), NULL, CAST(N'2021-10-12T00:05:56.9133333' AS DateTime2))
INSERT [dbo].[Enumeration] ([Id], [ParentId], [CategoryName], [CategoryCaption], [EnumId], [EnumCaption], [Order], [IsEnable], [Description], [CreatedBy], [CreatedAt], [UpdatedBy], [UpdatedAt]) VALUES (97, NULL, N'BodyNoDamageDiscountYear', N'تخفیف عدم خسارت', 8, N'هشت سال بیشتر', 9, 1, NULL, NULL, CAST(N'2021-10-12T00:05:56.9133333' AS DateTime2), NULL, CAST(N'2021-10-12T00:05:56.9133333' AS DateTime2))
INSERT [dbo].[Enumeration] ([Id], [ParentId], [CategoryName], [CategoryCaption], [EnumId], [EnumCaption], [Order], [IsEnable], [Description], [CreatedBy], [CreatedAt], [UpdatedBy], [UpdatedAt]) VALUES (98, NULL, N'BodyNoDamageDiscountYear', N'تخفیف عدم خسارت', 9, N'با خسارت', 1, 1, NULL, NULL, CAST(N'2021-10-12T00:05:56.9133333' AS DateTime2), NULL, CAST(N'2021-10-12T00:05:56.9133333' AS DateTime2))
INSERT [dbo].[Enumeration] ([Id], [ParentId], [CategoryName], [CategoryCaption], [EnumId], [EnumCaption], [Order], [IsEnable], [Description], [CreatedBy], [CreatedAt], [UpdatedBy], [UpdatedAt]) VALUES (99, NULL, N'ThirdInsuranceCreditMonth', N'مدت اعتبار بیمه نامه شخص ثالث', 1, N'دو ماهه', 1, 1, NULL, NULL, CAST(N'2021-10-17T16:11:09.3700000' AS DateTime2), NULL, CAST(N'2021-10-17T16:11:09.3700000' AS DateTime2))
INSERT [dbo].[Enumeration] ([Id], [ParentId], [CategoryName], [CategoryCaption], [EnumId], [EnumCaption], [Order], [IsEnable], [Description], [CreatedBy], [CreatedAt], [UpdatedBy], [UpdatedAt]) VALUES (100, NULL, N'ThirdInsuranceCreditMonth', N'مدت اعتبار بیمه نامه شخص ثالث', 2, N'چهار ماهه', 2, 1, NULL, NULL, CAST(N'2021-10-17T16:25:39.6600000' AS DateTime2), NULL, CAST(N'2021-10-17T16:25:39.6600000' AS DateTime2))
INSERT [dbo].[Enumeration] ([Id], [ParentId], [CategoryName], [CategoryCaption], [EnumId], [EnumCaption], [Order], [IsEnable], [Description], [CreatedBy], [CreatedAt], [UpdatedBy], [UpdatedAt]) VALUES (101, NULL, N'ThirdInsuranceCreditMonth', N'مدت اعتبار بیمه نامه شخص ثالث', 3, N'شش ماهه', 3, 1, NULL, NULL, CAST(N'2021-10-17T16:25:44.2366667' AS DateTime2), NULL, CAST(N'2021-10-17T16:25:44.2366667' AS DateTime2))
INSERT [dbo].[Enumeration] ([Id], [ParentId], [CategoryName], [CategoryCaption], [EnumId], [EnumCaption], [Order], [IsEnable], [Description], [CreatedBy], [CreatedAt], [UpdatedBy], [UpdatedAt]) VALUES (102, NULL, N'ThirdInsuranceCreditMonth', N'مدت اعتبار بیمه نامه شخص ثالث', 4, N'یکساله', 4, 1, NULL, NULL, CAST(N'2021-10-17T16:25:47.7566667' AS DateTime2), NULL, CAST(N'2021-10-17T16:25:47.7566667' AS DateTime2))
INSERT [dbo].[Enumeration] ([Id], [ParentId], [CategoryName], [CategoryCaption], [EnumId], [EnumCaption], [Order], [IsEnable], [Description], [CreatedBy], [CreatedAt], [UpdatedBy], [UpdatedAt]) VALUES (103, NULL, N'ThirdMaxFinancialCover', N'سقف تعهدات مالی بیمه شخص ثالث', 1, N'16 میلیون', 1, 1, NULL, NULL, CAST(N'2021-10-17T19:33:32.6133333' AS DateTime2), NULL, CAST(N'2021-10-17T19:33:32.6133333' AS DateTime2))
INSERT [dbo].[Enumeration] ([Id], [ParentId], [CategoryName], [CategoryCaption], [EnumId], [EnumCaption], [Order], [IsEnable], [Description], [CreatedBy], [CreatedAt], [UpdatedBy], [UpdatedAt]) VALUES (104, NULL, N'ThirdMaxFinancialCover', N'سقف تعهدات مالی بیمه شخص ثالث', 2, N'32 میلیون', 2, 1, NULL, NULL, CAST(N'2021-10-17T19:33:58.6733333' AS DateTime2), NULL, CAST(N'2021-10-17T19:33:58.6733333' AS DateTime2))
INSERT [dbo].[Enumeration] ([Id], [ParentId], [CategoryName], [CategoryCaption], [EnumId], [EnumCaption], [Order], [IsEnable], [Description], [CreatedBy], [CreatedAt], [UpdatedBy], [UpdatedAt]) VALUES (105, NULL, N'ThirdMaxFinancialCover', N'سقف تعهدات مالی بیمه شخص ثالث', 3, N'40 میلیون', 3, 1, NULL, NULL, CAST(N'2021-10-17T19:34:02.7800000' AS DateTime2), NULL, CAST(N'2021-10-17T19:34:02.7800000' AS DateTime2))
INSERT [dbo].[Enumeration] ([Id], [ParentId], [CategoryName], [CategoryCaption], [EnumId], [EnumCaption], [Order], [IsEnable], [Description], [CreatedBy], [CreatedAt], [UpdatedBy], [UpdatedAt]) VALUES (106, NULL, N'ThirdMaxFinancialCover', N'سقف تعهدات مالی بیمه شخص ثالث', 4, N'320 میلیون', 4, 1, NULL, NULL, CAST(N'2021-10-17T19:34:06.7200000' AS DateTime2), NULL, CAST(N'2021-10-17T19:34:06.7200000' AS DateTime2))
INSERT [dbo].[Enumeration] ([Id], [ParentId], [CategoryName], [CategoryCaption], [EnumId], [EnumCaption], [Order], [IsEnable], [Description], [CreatedBy], [CreatedAt], [UpdatedBy], [UpdatedAt]) VALUES (107, NULL, N'InsurerTermsType', N'انواع قوانین بیمه گر', 14, N'سقف تعهدات مالی', 14, 1, NULL, NULL, CAST(N'2021-10-17T23:54:40.7366667' AS DateTime2), NULL, CAST(N'2021-10-17T23:54:40.7366667' AS DateTime2))
INSERT [dbo].[Enumeration] ([Id], [ParentId], [CategoryName], [CategoryCaption], [EnumId], [EnumCaption], [Order], [IsEnable], [Description], [CreatedBy], [CreatedAt], [UpdatedBy], [UpdatedAt]) VALUES (108, NULL, N'InsurerTermsType', N'انواع قوانین بیمه گر', 15, N'مدت اعتبار بیمه نامه', 15, 1, NULL, NULL, CAST(N'2021-10-17T23:55:02.3500000' AS DateTime2), NULL, CAST(N'2021-10-17T23:55:02.3500000' AS DateTime2))
GO
INSERT [dbo].[Enumeration] ([Id], [ParentId], [CategoryName], [CategoryCaption], [EnumId], [EnumCaption], [Order], [IsEnable], [Description], [CreatedBy], [CreatedAt], [UpdatedBy], [UpdatedAt]) VALUES (109, NULL, N'InspectionType', N'نوع بازدید خودرو', 1, N'بازدید در محل', 1, 1, NULL, NULL, CAST(N'2021-10-28T16:32:56.1900000' AS DateTime2), NULL, CAST(N'2021-10-28T16:32:56.1900000' AS DateTime2))
INSERT [dbo].[Enumeration] ([Id], [ParentId], [CategoryName], [CategoryCaption], [EnumId], [EnumCaption], [Order], [IsEnable], [Description], [CreatedBy], [CreatedAt], [UpdatedBy], [UpdatedAt]) VALUES (110, NULL, N'InspectionType', N'نوع بازدید خودرو', 2, N'بازدید در مرکز بیمه', 2, 1, NULL, NULL, CAST(N'2021-10-28T16:33:26.8166667' AS DateTime2), NULL, CAST(N'2021-10-28T16:33:26.8166667' AS DateTime2))
INSERT [dbo].[Enumeration] ([Id], [ParentId], [CategoryName], [CategoryCaption], [EnumId], [EnumCaption], [Order], [IsEnable], [Description], [CreatedBy], [CreatedAt], [UpdatedBy], [UpdatedAt]) VALUES (111, NULL, N'AgentSelectionType', N'??? ?????? ???????', 1, N'???? ?????? ???? ???? ?? ???? ????? ???? ???????', 1, 1, NULL, NULL, CAST(N'2021-11-15T20:37:26.8166667' AS DateTime2), NULL, NULL)
INSERT [dbo].[Enumeration] ([Id], [ParentId], [CategoryName], [CategoryCaption], [EnumId], [EnumCaption], [Order], [IsEnable], [Description], [CreatedBy], [CreatedAt], [UpdatedBy], [UpdatedAt]) VALUES (112, NULL, N'AgentSelectionType', N'??? ?????? ???????', 2, N'?????? ??????? ??? ??? ???? ???? ????', 2, 1, NULL, NULL, CAST(N'2021-11-15T20:37:26.8166667' AS DateTime2), NULL, NULL)
INSERT [dbo].[Enumeration] ([Id], [ParentId], [CategoryName], [CategoryCaption], [EnumId], [EnumCaption], [Order], [IsEnable], [Description], [CreatedBy], [CreatedAt], [UpdatedBy], [UpdatedAt]) VALUES (125, NULL, N'RelatedResource', N'منبع مرتبط', 1, N'Model', 1, 1, NULL, NULL, CAST(N'2021-08-29T23:58:03.9200000' AS DateTime2), NULL, CAST(N'2021-08-29T23:58:03.9200000' AS DateTime2))
INSERT [dbo].[Enumeration] ([Id], [ParentId], [CategoryName], [CategoryCaption], [EnumId], [EnumCaption], [Order], [IsEnable], [Description], [CreatedBy], [CreatedAt], [UpdatedBy], [UpdatedAt]) VALUES (126, NULL, N'RelatedResource', N'منبع مرتبط', 2, N'Enum', 1, 1, NULL, NULL, CAST(N'2021-08-29T23:58:03.9200000' AS DateTime2), NULL, CAST(N'2021-08-29T23:58:03.9200000' AS DateTime2))
INSERT [dbo].[Enumeration] ([Id], [ParentId], [CategoryName], [CategoryCaption], [EnumId], [EnumCaption], [Order], [IsEnable], [Description], [CreatedBy], [CreatedAt], [UpdatedBy], [UpdatedAt]) VALUES (127, NULL, N'RelatedResource', N'منبع مرتبط', 3, N'Input', 1, 1, NULL, NULL, CAST(N'2021-08-29T23:58:03.9200000' AS DateTime2), NULL, CAST(N'2021-08-29T23:58:03.9200000' AS DateTime2))
INSERT [dbo].[Enumeration] ([Id], [ParentId], [CategoryName], [CategoryCaption], [EnumId], [EnumCaption], [Order], [IsEnable], [Description], [CreatedBy], [CreatedAt], [UpdatedBy], [UpdatedAt]) VALUES (130, NULL, N'CalculationType', N'نوع محاسبه', 1, N'کسر قیمت', 1, 1, NULL, NULL, CAST(N'2021-08-29T23:58:03.9200000' AS DateTime2), NULL, CAST(N'2021-08-29T23:58:03.9200000' AS DateTime2))
INSERT [dbo].[Enumeration] ([Id], [ParentId], [CategoryName], [CategoryCaption], [EnumId], [EnumCaption], [Order], [IsEnable], [Description], [CreatedBy], [CreatedAt], [UpdatedBy], [UpdatedAt]) VALUES (131, NULL, N'CalculationType', N'نوع محاسبه', 2, N'افزایش قیمت', 1, 1, NULL, NULL, CAST(N'2021-08-29T23:58:03.9200000' AS DateTime2), NULL, CAST(N'2021-08-29T23:58:03.9200000' AS DateTime2))
INSERT [dbo].[Enumeration] ([Id], [ParentId], [CategoryName], [CategoryCaption], [EnumId], [EnumCaption], [Order], [IsEnable], [Description], [CreatedBy], [CreatedAt], [UpdatedBy], [UpdatedAt]) VALUES (132, NULL, N'ConditionType', N'نوع شرط', 1, N'برابر', 1, 1, NULL, NULL, CAST(N'2021-08-29T23:58:03.9200000' AS DateTime2), NULL, CAST(N'2021-08-29T23:58:03.9200000' AS DateTime2))
INSERT [dbo].[Enumeration] ([Id], [ParentId], [CategoryName], [CategoryCaption], [EnumId], [EnumCaption], [Order], [IsEnable], [Description], [CreatedBy], [CreatedAt], [UpdatedBy], [UpdatedAt]) VALUES (133, NULL, N'ConditionType', N'نوع شرط', 2, N'بزرگتر', 1, 1, NULL, NULL, CAST(N'2021-08-29T23:58:03.9200000' AS DateTime2), NULL, CAST(N'2021-08-29T23:58:03.9200000' AS DateTime2))
INSERT [dbo].[Enumeration] ([Id], [ParentId], [CategoryName], [CategoryCaption], [EnumId], [EnumCaption], [Order], [IsEnable], [Description], [CreatedBy], [CreatedAt], [UpdatedBy], [UpdatedAt]) VALUES (134, NULL, N'ConditionType', N'نوع شرط', 3, N'کوچکتر', 1, 1, NULL, NULL, CAST(N'2021-08-29T23:58:03.9200000' AS DateTime2), NULL, CAST(N'2021-08-29T23:58:03.9200000' AS DateTime2))
INSERT [dbo].[Enumeration] ([Id], [ParentId], [CategoryName], [CategoryCaption], [EnumId], [EnumCaption], [Order], [IsEnable], [Description], [CreatedBy], [CreatedAt], [UpdatedBy], [UpdatedAt]) VALUES (135, NULL, N'ConditionType', N'نوع شرط', 4, N'بزرگتر مساوی', 1, 1, NULL, NULL, CAST(N'2021-08-29T23:58:03.9200000' AS DateTime2), NULL, CAST(N'2021-08-29T23:58:03.9200000' AS DateTime2))
INSERT [dbo].[Enumeration] ([Id], [ParentId], [CategoryName], [CategoryCaption], [EnumId], [EnumCaption], [Order], [IsEnable], [Description], [CreatedBy], [CreatedAt], [UpdatedBy], [UpdatedAt]) VALUES (136, NULL, N'ConditionType', N'نوع شرط', 5, N'کوچکتر مساوی', 1, 1, NULL, NULL, CAST(N'2021-08-29T23:58:03.9200000' AS DateTime2), NULL, CAST(N'2021-08-29T23:58:03.9200000' AS DateTime2))
INSERT [dbo].[Enumeration] ([Id], [ParentId], [CategoryName], [CategoryCaption], [EnumId], [EnumCaption], [Order], [IsEnable], [Description], [CreatedBy], [CreatedAt], [UpdatedBy], [UpdatedAt]) VALUES (139, NULL, N'PricingType', N'نوع قیمت گذاری', 1, N'تومان', 1, 1, NULL, NULL, CAST(N'2021-08-29T23:58:03.9200000' AS DateTime2), NULL, CAST(N'2021-08-29T23:58:03.9200000' AS DateTime2))
INSERT [dbo].[Enumeration] ([Id], [ParentId], [CategoryName], [CategoryCaption], [EnumId], [EnumCaption], [Order], [IsEnable], [Description], [CreatedBy], [CreatedAt], [UpdatedBy], [UpdatedAt]) VALUES (140, NULL, N'PricingType', N'نوع قیمت گذاری', 2, N'درصد', 1, 1, NULL, NULL, CAST(N'2021-08-29T23:58:03.9200000' AS DateTime2), NULL, CAST(N'2021-08-29T23:58:03.9200000' AS DateTime2))
INSERT [dbo].[Enumeration] ([Id], [ParentId], [CategoryName], [CategoryCaption], [EnumId], [EnumCaption], [Order], [IsEnable], [Description], [CreatedBy], [CreatedAt], [UpdatedBy], [UpdatedAt]) VALUES (141, NULL, N'IsWithoutInsurance', N'آیا بدون بیمه است؟', 1, N'بله', 1, 1, NULL, NULL, CAST(N'2021-08-29T23:58:03.9200000' AS DateTime2), NULL, CAST(N'2021-08-29T23:58:03.9200000' AS DateTime2))
INSERT [dbo].[Enumeration] ([Id], [ParentId], [CategoryName], [CategoryCaption], [EnumId], [EnumCaption], [Order], [IsEnable], [Description], [CreatedBy], [CreatedAt], [UpdatedBy], [UpdatedAt]) VALUES (142, NULL, N'IsWithoutInsurance', N'آیا بدون بیمه است؟', 2, N'خیر', 1, 1, NULL, NULL, CAST(N'2021-08-29T23:58:03.9200000' AS DateTime2), NULL, CAST(N'2021-08-29T23:58:03.9200000' AS DateTime2))
INSERT [dbo].[Enumeration] ([Id], [ParentId], [CategoryName], [CategoryCaption], [EnumId], [EnumCaption], [Order], [IsEnable], [Description], [CreatedBy], [CreatedAt], [UpdatedBy], [UpdatedAt]) VALUES (143, NULL, N'IsChangedOwner', N'آیا تغییر مالکیت داشته است؟', 1, N'بله', 1, 1, NULL, NULL, CAST(N'2021-08-29T23:58:03.9200000' AS DateTime2), NULL, CAST(N'2021-08-29T23:58:03.9200000' AS DateTime2))
INSERT [dbo].[Enumeration] ([Id], [ParentId], [CategoryName], [CategoryCaption], [EnumId], [EnumCaption], [Order], [IsEnable], [Description], [CreatedBy], [CreatedAt], [UpdatedBy], [UpdatedAt]) VALUES (144, NULL, N'IsChangedOwner', N'آیا تغییر مالکیت داشته است؟', 2, N'خیر', 1, 1, NULL, NULL, CAST(N'2021-08-29T23:58:03.9200000' AS DateTime2), NULL, CAST(N'2021-08-29T23:58:03.9200000' AS DateTime2))
INSERT [dbo].[Enumeration] ([Id], [ParentId], [CategoryName], [CategoryCaption], [EnumId], [EnumCaption], [Order], [IsEnable], [Description], [CreatedBy], [CreatedAt], [UpdatedBy], [UpdatedAt]) VALUES (145, NULL, N'ThirdLifeDamage', N'خسارت جانی شخص ثالث', 1, N'0', 1, 1, NULL, NULL, CAST(N'2021-08-29T23:58:03.9200000' AS DateTime2), NULL, CAST(N'2021-08-29T23:58:03.9200000' AS DateTime2))
INSERT [dbo].[Enumeration] ([Id], [ParentId], [CategoryName], [CategoryCaption], [EnumId], [EnumCaption], [Order], [IsEnable], [Description], [CreatedBy], [CreatedAt], [UpdatedBy], [UpdatedAt]) VALUES (146, NULL, N'ThirdLifeDamage', N'خسارت جانی شخص ثالث', 2, N'5', 1, 1, NULL, NULL, CAST(N'2021-08-29T23:58:03.9200000' AS DateTime2), NULL, CAST(N'2021-08-29T23:58:03.9200000' AS DateTime2))
INSERT [dbo].[Enumeration] ([Id], [ParentId], [CategoryName], [CategoryCaption], [EnumId], [EnumCaption], [Order], [IsEnable], [Description], [CreatedBy], [CreatedAt], [UpdatedBy], [UpdatedAt]) VALUES (147, NULL, N'ThirdLifeDamage', N'خسارت جانی شخص ثالث', 3, N'10', 1, 1, NULL, NULL, CAST(N'2021-08-29T23:58:03.9200000' AS DateTime2), NULL, CAST(N'2021-08-29T23:58:03.9200000' AS DateTime2))
INSERT [dbo].[Enumeration] ([Id], [ParentId], [CategoryName], [CategoryCaption], [EnumId], [EnumCaption], [Order], [IsEnable], [Description], [CreatedBy], [CreatedAt], [UpdatedBy], [UpdatedAt]) VALUES (148, NULL, N'ThirdLifeDamage', N'خسارت جانی شخص ثالث', 4, N'15', 1, 1, NULL, NULL, CAST(N'2021-08-29T23:58:03.9200000' AS DateTime2), NULL, CAST(N'2021-08-29T23:58:03.9200000' AS DateTime2))
INSERT [dbo].[Enumeration] ([Id], [ParentId], [CategoryName], [CategoryCaption], [EnumId], [EnumCaption], [Order], [IsEnable], [Description], [CreatedBy], [CreatedAt], [UpdatedBy], [UpdatedAt]) VALUES (149, NULL, N'ThirdLifeDamage', N'خسارت جانی شخص ثالث', 5, N'20', 1, 1, NULL, NULL, CAST(N'2021-08-29T23:58:03.9200000' AS DateTime2), NULL, CAST(N'2021-08-29T23:58:03.9200000' AS DateTime2))
INSERT [dbo].[Enumeration] ([Id], [ParentId], [CategoryName], [CategoryCaption], [EnumId], [EnumCaption], [Order], [IsEnable], [Description], [CreatedBy], [CreatedAt], [UpdatedBy], [UpdatedAt]) VALUES (150, NULL, N'ThirdLifeDamage', N'خسارت جانی شخص ثالث', 6, N'25', 1, 1, NULL, NULL, CAST(N'2021-08-29T23:58:03.9200000' AS DateTime2), NULL, CAST(N'2021-08-29T23:58:03.9200000' AS DateTime2))
INSERT [dbo].[Enumeration] ([Id], [ParentId], [CategoryName], [CategoryCaption], [EnumId], [EnumCaption], [Order], [IsEnable], [Description], [CreatedBy], [CreatedAt], [UpdatedBy], [UpdatedAt]) VALUES (151, NULL, N'ThirdLifeDamage', N'خسارت جانی شخص ثالث', 7, N'30', 1, 1, NULL, NULL, CAST(N'2021-08-29T23:58:03.9200000' AS DateTime2), NULL, CAST(N'2021-08-29T23:58:03.9200000' AS DateTime2))
INSERT [dbo].[Enumeration] ([Id], [ParentId], [CategoryName], [CategoryCaption], [EnumId], [EnumCaption], [Order], [IsEnable], [Description], [CreatedBy], [CreatedAt], [UpdatedBy], [UpdatedAt]) VALUES (152, NULL, N'ThirdLifeDamage', N'خسارت جانی شخص ثالث', 8, N'35', 1, 1, NULL, NULL, CAST(N'2021-08-29T23:58:03.9200000' AS DateTime2), NULL, CAST(N'2021-08-29T23:58:03.9200000' AS DateTime2))
INSERT [dbo].[Enumeration] ([Id], [ParentId], [CategoryName], [CategoryCaption], [EnumId], [EnumCaption], [Order], [IsEnable], [Description], [CreatedBy], [CreatedAt], [UpdatedBy], [UpdatedAt]) VALUES (153, NULL, N'ThirdLifeDamage', N'خسارت جانی شخص ثالث', 9, N'40', 1, 1, NULL, NULL, CAST(N'2021-08-29T23:58:03.9200000' AS DateTime2), NULL, CAST(N'2021-08-29T23:58:03.9200000' AS DateTime2))
INSERT [dbo].[Enumeration] ([Id], [ParentId], [CategoryName], [CategoryCaption], [EnumId], [EnumCaption], [Order], [IsEnable], [Description], [CreatedBy], [CreatedAt], [UpdatedBy], [UpdatedAt]) VALUES (154, NULL, N'ThirdLifeDamage', N'خسارت جانی شخص ثالث', 10, N'45', 1, 1, NULL, NULL, CAST(N'2021-08-29T23:58:03.9200000' AS DateTime2), NULL, CAST(N'2021-08-29T23:58:03.9200000' AS DateTime2))
INSERT [dbo].[Enumeration] ([Id], [ParentId], [CategoryName], [CategoryCaption], [EnumId], [EnumCaption], [Order], [IsEnable], [Description], [CreatedBy], [CreatedAt], [UpdatedBy], [UpdatedAt]) VALUES (155, NULL, N'ThirdLifeDamage', N'خسارت جانی شخص ثالث', 11, N'50', 1, 1, NULL, NULL, CAST(N'2021-08-29T23:58:03.9200000' AS DateTime2), NULL, CAST(N'2021-08-29T23:58:03.9200000' AS DateTime2))
INSERT [dbo].[Enumeration] ([Id], [ParentId], [CategoryName], [CategoryCaption], [EnumId], [EnumCaption], [Order], [IsEnable], [Description], [CreatedBy], [CreatedAt], [UpdatedBy], [UpdatedAt]) VALUES (156, NULL, N'ThirdLifeDamage', N'خسارت جانی شخص ثالث', 12, N'55', 1, 1, NULL, NULL, CAST(N'2021-08-29T23:58:03.9200000' AS DateTime2), NULL, CAST(N'2021-08-29T23:58:03.9200000' AS DateTime2))
INSERT [dbo].[Enumeration] ([Id], [ParentId], [CategoryName], [CategoryCaption], [EnumId], [EnumCaption], [Order], [IsEnable], [Description], [CreatedBy], [CreatedAt], [UpdatedBy], [UpdatedAt]) VALUES (157, NULL, N'ThirdLifeDamage', N'خسارت جانی شخص ثالث', 13, N'60', 1, 1, NULL, NULL, CAST(N'2021-08-29T23:58:03.9200000' AS DateTime2), NULL, CAST(N'2021-08-29T23:58:03.9200000' AS DateTime2))
INSERT [dbo].[Enumeration] ([Id], [ParentId], [CategoryName], [CategoryCaption], [EnumId], [EnumCaption], [Order], [IsEnable], [Description], [CreatedBy], [CreatedAt], [UpdatedBy], [UpdatedAt]) VALUES (158, NULL, N'ThirdLifeDamage', N'خسارت جانی شخص ثالث', 14, N'65', 1, 1, NULL, NULL, CAST(N'2021-08-29T23:58:03.9200000' AS DateTime2), NULL, CAST(N'2021-08-29T23:58:03.9200000' AS DateTime2))
INSERT [dbo].[Enumeration] ([Id], [ParentId], [CategoryName], [CategoryCaption], [EnumId], [EnumCaption], [Order], [IsEnable], [Description], [CreatedBy], [CreatedAt], [UpdatedBy], [UpdatedAt]) VALUES (159, NULL, N'ThirdLifeDamage', N'خسارت جانی شخص ثالث', 15, N'70', 1, 1, NULL, NULL, CAST(N'2021-08-29T23:58:03.9200000' AS DateTime2), NULL, CAST(N'2021-08-29T23:58:03.9200000' AS DateTime2))
INSERT [dbo].[Enumeration] ([Id], [ParentId], [CategoryName], [CategoryCaption], [EnumId], [EnumCaption], [Order], [IsEnable], [Description], [CreatedBy], [CreatedAt], [UpdatedBy], [UpdatedAt]) VALUES (160, NULL, N'ThirdFinancialDamage', N'خسارت مالی شخص ثالث', 1, N'0', 1, 1, NULL, NULL, CAST(N'2021-08-29T23:58:03.9200000' AS DateTime2), NULL, CAST(N'2021-08-29T23:58:03.9200000' AS DateTime2))
INSERT [dbo].[Enumeration] ([Id], [ParentId], [CategoryName], [CategoryCaption], [EnumId], [EnumCaption], [Order], [IsEnable], [Description], [CreatedBy], [CreatedAt], [UpdatedBy], [UpdatedAt]) VALUES (161, NULL, N'ThirdFinancialDamage', N'خسارت مالی شخص ثالث', 2, N'5', 1, 1, NULL, NULL, CAST(N'2021-08-29T23:58:03.9200000' AS DateTime2), NULL, CAST(N'2021-08-29T23:58:03.9200000' AS DateTime2))
INSERT [dbo].[Enumeration] ([Id], [ParentId], [CategoryName], [CategoryCaption], [EnumId], [EnumCaption], [Order], [IsEnable], [Description], [CreatedBy], [CreatedAt], [UpdatedBy], [UpdatedAt]) VALUES (162, NULL, N'ThirdFinancialDamage', N'خسارت مالی شخص ثالث', 3, N'10', 1, 1, NULL, NULL, CAST(N'2021-08-29T23:58:03.9200000' AS DateTime2), NULL, CAST(N'2021-08-29T23:58:03.9200000' AS DateTime2))
INSERT [dbo].[Enumeration] ([Id], [ParentId], [CategoryName], [CategoryCaption], [EnumId], [EnumCaption], [Order], [IsEnable], [Description], [CreatedBy], [CreatedAt], [UpdatedBy], [UpdatedAt]) VALUES (163, NULL, N'ThirdFinancialDamage', N'خسارت مالی شخص ثالث', 4, N'15', 1, 1, NULL, NULL, CAST(N'2021-08-29T23:58:03.9200000' AS DateTime2), NULL, CAST(N'2021-08-29T23:58:03.9200000' AS DateTime2))
INSERT [dbo].[Enumeration] ([Id], [ParentId], [CategoryName], [CategoryCaption], [EnumId], [EnumCaption], [Order], [IsEnable], [Description], [CreatedBy], [CreatedAt], [UpdatedBy], [UpdatedAt]) VALUES (164, NULL, N'ThirdFinancialDamage', N'خسارت مالی شخص ثالث', 5, N'20', 1, 1, NULL, NULL, CAST(N'2021-08-29T23:58:03.9200000' AS DateTime2), NULL, CAST(N'2021-08-29T23:58:03.9200000' AS DateTime2))
INSERT [dbo].[Enumeration] ([Id], [ParentId], [CategoryName], [CategoryCaption], [EnumId], [EnumCaption], [Order], [IsEnable], [Description], [CreatedBy], [CreatedAt], [UpdatedBy], [UpdatedAt]) VALUES (165, NULL, N'ThirdFinancialDamage', N'خسارت مالی شخص ثالث', 6, N'25', 1, 1, NULL, NULL, CAST(N'2021-08-29T23:58:03.9200000' AS DateTime2), NULL, CAST(N'2021-08-29T23:58:03.9200000' AS DateTime2))
INSERT [dbo].[Enumeration] ([Id], [ParentId], [CategoryName], [CategoryCaption], [EnumId], [EnumCaption], [Order], [IsEnable], [Description], [CreatedBy], [CreatedAt], [UpdatedBy], [UpdatedAt]) VALUES (166, NULL, N'ThirdFinancialDamage', N'خسارت مالی شخص ثالث', 7, N'30', 1, 1, NULL, NULL, CAST(N'2021-08-29T23:58:03.9200000' AS DateTime2), NULL, CAST(N'2021-08-29T23:58:03.9200000' AS DateTime2))
INSERT [dbo].[Enumeration] ([Id], [ParentId], [CategoryName], [CategoryCaption], [EnumId], [EnumCaption], [Order], [IsEnable], [Description], [CreatedBy], [CreatedAt], [UpdatedBy], [UpdatedAt]) VALUES (167, NULL, N'ThirdFinancialDamage', N'خسارت مالی شخص ثالث', 8, N'35', 1, 1, NULL, NULL, CAST(N'2021-08-29T23:58:03.9200000' AS DateTime2), NULL, CAST(N'2021-08-29T23:58:03.9200000' AS DateTime2))
INSERT [dbo].[Enumeration] ([Id], [ParentId], [CategoryName], [CategoryCaption], [EnumId], [EnumCaption], [Order], [IsEnable], [Description], [CreatedBy], [CreatedAt], [UpdatedBy], [UpdatedAt]) VALUES (168, NULL, N'ThirdFinancialDamage', N'خسارت مالی شخص ثالث', 9, N'40', 1, 1, NULL, NULL, CAST(N'2021-08-29T23:58:03.9200000' AS DateTime2), NULL, CAST(N'2021-08-29T23:58:03.9200000' AS DateTime2))
INSERT [dbo].[Enumeration] ([Id], [ParentId], [CategoryName], [CategoryCaption], [EnumId], [EnumCaption], [Order], [IsEnable], [Description], [CreatedBy], [CreatedAt], [UpdatedBy], [UpdatedAt]) VALUES (169, NULL, N'ThirdFinancialDamage', N'خسارت مالی شخص ثالث', 10, N'45', 1, 1, NULL, NULL, CAST(N'2021-08-29T23:58:03.9200000' AS DateTime2), NULL, CAST(N'2021-08-29T23:58:03.9200000' AS DateTime2))
INSERT [dbo].[Enumeration] ([Id], [ParentId], [CategoryName], [CategoryCaption], [EnumId], [EnumCaption], [Order], [IsEnable], [Description], [CreatedBy], [CreatedAt], [UpdatedBy], [UpdatedAt]) VALUES (170, NULL, N'ThirdFinancialDamage', N'خسارت مالی شخص ثالث', 11, N'50', 1, 1, NULL, NULL, CAST(N'2021-08-29T23:58:03.9200000' AS DateTime2), NULL, CAST(N'2021-08-29T23:58:03.9200000' AS DateTime2))
INSERT [dbo].[Enumeration] ([Id], [ParentId], [CategoryName], [CategoryCaption], [EnumId], [EnumCaption], [Order], [IsEnable], [Description], [CreatedBy], [CreatedAt], [UpdatedBy], [UpdatedAt]) VALUES (171, NULL, N'ThirdFinancialDamage', N'خسارت مالی شخص ثالث', 12, N'55', 1, 1, NULL, NULL, CAST(N'2021-08-29T23:58:03.9200000' AS DateTime2), NULL, CAST(N'2021-08-29T23:58:03.9200000' AS DateTime2))
INSERT [dbo].[Enumeration] ([Id], [ParentId], [CategoryName], [CategoryCaption], [EnumId], [EnumCaption], [Order], [IsEnable], [Description], [CreatedBy], [CreatedAt], [UpdatedBy], [UpdatedAt]) VALUES (172, NULL, N'ThirdFinancialDamage', N'خسارت مالی شخص ثالث', 13, N'60', 1, 1, NULL, NULL, CAST(N'2021-08-29T23:58:03.9200000' AS DateTime2), NULL, CAST(N'2021-08-29T23:58:03.9200000' AS DateTime2))
INSERT [dbo].[Enumeration] ([Id], [ParentId], [CategoryName], [CategoryCaption], [EnumId], [EnumCaption], [Order], [IsEnable], [Description], [CreatedBy], [CreatedAt], [UpdatedBy], [UpdatedAt]) VALUES (173, NULL, N'ThirdFinancialDamage', N'خسارت مالی شخص ثالث', 14, N'65', 1, 1, NULL, NULL, CAST(N'2021-08-29T23:58:03.9200000' AS DateTime2), NULL, CAST(N'2021-08-29T23:58:03.9200000' AS DateTime2))
INSERT [dbo].[Enumeration] ([Id], [ParentId], [CategoryName], [CategoryCaption], [EnumId], [EnumCaption], [Order], [IsEnable], [Description], [CreatedBy], [CreatedAt], [UpdatedBy], [UpdatedAt]) VALUES (174, NULL, N'ThirdFinancialDamage', N'خسارت مالی شخص ثالث', 15, N'70', 1, 1, NULL, NULL, CAST(N'2021-08-29T23:58:03.9200000' AS DateTime2), NULL, CAST(N'2021-08-29T23:58:03.9200000' AS DateTime2))
INSERT [dbo].[Enumeration] ([Id], [ParentId], [CategoryName], [CategoryCaption], [EnumId], [EnumCaption], [Order], [IsEnable], [Description], [CreatedBy], [CreatedAt], [UpdatedBy], [UpdatedAt]) VALUES (175, NULL, N'DriverLifeDamage', N'خسارت جانی راننده', 1, N'0', 1, 1, NULL, NULL, CAST(N'2021-08-29T23:58:03.9200000' AS DateTime2), NULL, CAST(N'2021-08-29T23:58:03.9200000' AS DateTime2))
INSERT [dbo].[Enumeration] ([Id], [ParentId], [CategoryName], [CategoryCaption], [EnumId], [EnumCaption], [Order], [IsEnable], [Description], [CreatedBy], [CreatedAt], [UpdatedBy], [UpdatedAt]) VALUES (176, NULL, N'DriverLifeDamage', N'خسارت جانی راننده', 2, N'5', 1, 1, NULL, NULL, CAST(N'2021-08-29T23:58:03.9200000' AS DateTime2), NULL, CAST(N'2021-08-29T23:58:03.9200000' AS DateTime2))
INSERT [dbo].[Enumeration] ([Id], [ParentId], [CategoryName], [CategoryCaption], [EnumId], [EnumCaption], [Order], [IsEnable], [Description], [CreatedBy], [CreatedAt], [UpdatedBy], [UpdatedAt]) VALUES (177, NULL, N'DriverLifeDamage', N'خسارت جانی راننده', 3, N'10', 1, 1, NULL, NULL, CAST(N'2021-08-29T23:58:03.9200000' AS DateTime2), NULL, CAST(N'2021-08-29T23:58:03.9200000' AS DateTime2))
INSERT [dbo].[Enumeration] ([Id], [ParentId], [CategoryName], [CategoryCaption], [EnumId], [EnumCaption], [Order], [IsEnable], [Description], [CreatedBy], [CreatedAt], [UpdatedBy], [UpdatedAt]) VALUES (178, NULL, N'DriverLifeDamage', N'خسارت جانی راننده', 4, N'15', 1, 1, NULL, NULL, CAST(N'2021-08-29T23:58:03.9200000' AS DateTime2), NULL, CAST(N'2021-08-29T23:58:03.9200000' AS DateTime2))
INSERT [dbo].[Enumeration] ([Id], [ParentId], [CategoryName], [CategoryCaption], [EnumId], [EnumCaption], [Order], [IsEnable], [Description], [CreatedBy], [CreatedAt], [UpdatedBy], [UpdatedAt]) VALUES (179, NULL, N'DriverLifeDamage', N'خسارت جانی راننده', 5, N'20', 1, 1, NULL, NULL, CAST(N'2021-08-29T23:58:03.9200000' AS DateTime2), NULL, CAST(N'2021-08-29T23:58:03.9200000' AS DateTime2))
INSERT [dbo].[Enumeration] ([Id], [ParentId], [CategoryName], [CategoryCaption], [EnumId], [EnumCaption], [Order], [IsEnable], [Description], [CreatedBy], [CreatedAt], [UpdatedBy], [UpdatedAt]) VALUES (180, NULL, N'DriverLifeDamage', N'خسارت جانی راننده', 6, N'25', 1, 1, NULL, NULL, CAST(N'2021-08-29T23:58:03.9200000' AS DateTime2), NULL, CAST(N'2021-08-29T23:58:03.9200000' AS DateTime2))
INSERT [dbo].[Enumeration] ([Id], [ParentId], [CategoryName], [CategoryCaption], [EnumId], [EnumCaption], [Order], [IsEnable], [Description], [CreatedBy], [CreatedAt], [UpdatedBy], [UpdatedAt]) VALUES (181, NULL, N'DriverLifeDamage', N'خسارت جانی راننده', 7, N'30', 1, 1, NULL, NULL, CAST(N'2021-08-29T23:58:03.9200000' AS DateTime2), NULL, CAST(N'2021-08-29T23:58:03.9200000' AS DateTime2))
INSERT [dbo].[Enumeration] ([Id], [ParentId], [CategoryName], [CategoryCaption], [EnumId], [EnumCaption], [Order], [IsEnable], [Description], [CreatedBy], [CreatedAt], [UpdatedBy], [UpdatedAt]) VALUES (182, NULL, N'DriverLifeDamage', N'خسارت جانی راننده', 8, N'35', 1, 1, NULL, NULL, CAST(N'2021-08-29T23:58:03.9200000' AS DateTime2), NULL, CAST(N'2021-08-29T23:58:03.9200000' AS DateTime2))
INSERT [dbo].[Enumeration] ([Id], [ParentId], [CategoryName], [CategoryCaption], [EnumId], [EnumCaption], [Order], [IsEnable], [Description], [CreatedBy], [CreatedAt], [UpdatedBy], [UpdatedAt]) VALUES (183, NULL, N'DriverLifeDamage', N'خسارت جانی راننده', 9, N'40', 1, 1, NULL, NULL, CAST(N'2021-08-29T23:58:03.9200000' AS DateTime2), NULL, CAST(N'2021-08-29T23:58:03.9200000' AS DateTime2))
INSERT [dbo].[Enumeration] ([Id], [ParentId], [CategoryName], [CategoryCaption], [EnumId], [EnumCaption], [Order], [IsEnable], [Description], [CreatedBy], [CreatedAt], [UpdatedBy], [UpdatedAt]) VALUES (184, NULL, N'DriverLifeDamage', N'خسارت جانی راننده', 10, N'45', 1, 1, NULL, NULL, CAST(N'2021-08-29T23:58:03.9200000' AS DateTime2), NULL, CAST(N'2021-08-29T23:58:03.9200000' AS DateTime2))
INSERT [dbo].[Enumeration] ([Id], [ParentId], [CategoryName], [CategoryCaption], [EnumId], [EnumCaption], [Order], [IsEnable], [Description], [CreatedBy], [CreatedAt], [UpdatedBy], [UpdatedAt]) VALUES (185, NULL, N'DriverLifeDamage', N'خسارت جانی راننده', 11, N'50', 1, 1, NULL, NULL, CAST(N'2021-08-29T23:58:03.9200000' AS DateTime2), NULL, CAST(N'2021-08-29T23:58:03.9200000' AS DateTime2))
INSERT [dbo].[Enumeration] ([Id], [ParentId], [CategoryName], [CategoryCaption], [EnumId], [EnumCaption], [Order], [IsEnable], [Description], [CreatedBy], [CreatedAt], [UpdatedBy], [UpdatedAt]) VALUES (186, NULL, N'DriverLifeDamage', N'خسارت جانی راننده', 12, N'55', 1, 1, NULL, NULL, CAST(N'2021-08-29T23:58:03.9200000' AS DateTime2), NULL, CAST(N'2021-08-29T23:58:03.9200000' AS DateTime2))
INSERT [dbo].[Enumeration] ([Id], [ParentId], [CategoryName], [CategoryCaption], [EnumId], [EnumCaption], [Order], [IsEnable], [Description], [CreatedBy], [CreatedAt], [UpdatedBy], [UpdatedAt]) VALUES (187, NULL, N'DriverLifeDamage', N'خسارت جانی راننده', 13, N'60', 1, 1, NULL, NULL, CAST(N'2021-08-29T23:58:03.9200000' AS DateTime2), NULL, CAST(N'2021-08-29T23:58:03.9200000' AS DateTime2))
INSERT [dbo].[Enumeration] ([Id], [ParentId], [CategoryName], [CategoryCaption], [EnumId], [EnumCaption], [Order], [IsEnable], [Description], [CreatedBy], [CreatedAt], [UpdatedBy], [UpdatedAt]) VALUES (188, NULL, N'DriverLifeDamage', N'خسارت جانی راننده', 14, N'65', 1, 1, NULL, NULL, CAST(N'2021-08-29T23:58:03.9200000' AS DateTime2), NULL, CAST(N'2021-08-29T23:58:03.9200000' AS DateTime2))
INSERT [dbo].[Enumeration] ([Id], [ParentId], [CategoryName], [CategoryCaption], [EnumId], [EnumCaption], [Order], [IsEnable], [Description], [CreatedBy], [CreatedAt], [UpdatedBy], [UpdatedAt]) VALUES (189, NULL, N'DriverLifeDamage', N'خسارت جانی راننده', 15, N'70', 1, 1, NULL, NULL, CAST(N'2021-08-29T23:58:03.9200000' AS DateTime2), NULL, CAST(N'2021-08-29T23:58:03.9200000' AS DateTime2))
INSERT [dbo].[Enumeration] ([Id], [ParentId], [CategoryName], [CategoryCaption], [EnumId], [EnumCaption], [Order], [IsEnable], [Description], [CreatedBy], [CreatedAt], [UpdatedBy], [UpdatedAt]) VALUES (190, NULL, N'IsZeroKilometer', N'آیا صفر کیلومتر است؟', 1, N'بله', 1, 1, NULL, NULL, CAST(N'2021-08-29T23:58:03.9200000' AS DateTime2), NULL, CAST(N'2021-08-29T23:58:03.9200000' AS DateTime2))
INSERT [dbo].[Enumeration] ([Id], [ParentId], [CategoryName], [CategoryCaption], [EnumId], [EnumCaption], [Order], [IsEnable], [Description], [CreatedBy], [CreatedAt], [UpdatedBy], [UpdatedAt]) VALUES (191, NULL, N'IsZeroKilometer', N'آیا صفر کیلومتر است؟', 2, N'خیر', 1, 1, NULL, NULL, CAST(N'2021-08-29T23:58:03.9200000' AS DateTime2), NULL, CAST(N'2021-08-29T23:58:03.9200000' AS DateTime2))
INSERT [dbo].[Enumeration] ([Id], [ParentId], [CategoryName], [CategoryCaption], [EnumId], [EnumCaption], [Order], [IsEnable], [Description], [CreatedBy], [CreatedAt], [UpdatedBy], [UpdatedAt]) VALUES (192, NULL, N'IsPrevDamaged', N'آیا قبلا خسارت داشته است؟', 1, N'بله', 1, 1, NULL, NULL, CAST(N'2021-08-29T23:58:03.9200000' AS DateTime2), NULL, CAST(N'2021-08-29T23:58:03.9200000' AS DateTime2))
INSERT [dbo].[Enumeration] ([Id], [ParentId], [CategoryName], [CategoryCaption], [EnumId], [EnumCaption], [Order], [IsEnable], [Description], [CreatedBy], [CreatedAt], [UpdatedBy], [UpdatedAt]) VALUES (193, NULL, N'IsPrevDamaged', N'آیا قبلا خسارت داشته است؟', 2, N'خیر', 1, 1, NULL, NULL, CAST(N'2021-08-29T23:58:03.9200000' AS DateTime2), NULL, CAST(N'2021-08-29T23:58:03.9200000' AS DateTime2))
INSERT [dbo].[Enumeration] ([Id], [ParentId], [CategoryName], [CategoryCaption], [EnumId], [EnumCaption], [Order], [IsEnable], [Description], [CreatedBy], [CreatedAt], [UpdatedBy], [UpdatedAt]) VALUES (194, NULL, N'IsCash', N'آیا نقدی است؟', 1, N'بله', 1, 1, NULL, NULL, CAST(N'2021-08-29T23:58:03.9200000' AS DateTime2), NULL, CAST(N'2021-08-29T23:58:03.9200000' AS DateTime2))
INSERT [dbo].[Enumeration] ([Id], [ParentId], [CategoryName], [CategoryCaption], [EnumId], [EnumCaption], [Order], [IsEnable], [Description], [CreatedBy], [CreatedAt], [UpdatedBy], [UpdatedAt]) VALUES (195, NULL, N'IsCash', N'آیا نقدی است؟', 2, N'خیر', 1, 1, NULL, NULL, CAST(N'2021-08-29T23:58:03.9200000' AS DateTime2), NULL, CAST(N'2021-08-29T23:58:03.9200000' AS DateTime2))
SET IDENTITY_INSERT [dbo].[Enumeration] OFF

